order_id,order_date,customer_id,product_id,store_id,quantity,unit_price_cents,updated_at
O00001,2026-09-02,C002,P002,S02,4,1999,2026-09-21T00:00:00
O00002,2026-09-03,C003,P003,S03,2,999,2026-09-21T00:00:00
O00003,2026-09-04,C004,P004,S04,4,1999,2026-09-21T00:00:00
O00004,2026-09-05,C005,P005,S01,5,1999,2026-09-21T00:00:00
O00005,2026-09-06,C006,P006,S02,4,549,2026-09-21T00:00:00
O00006,2026-09-07,C007,P007,S03,2,549,2026-09-21T00:00:00
O00007,2026-09-08,C008,P008,S04,4,999,2026-09-21T00:00:00
O00008,2026-09-09,C009,P009,S01,2,1999,2026-09-21T00:00:00
O00009,2026-09-10,C010,P010,S02,2,1999,2026-09-21T00:00:00
O00010,2026-09-11,C011,P011,S03,5,549,2026-09-21T00:00:00
O00011,2026-09-12,C012,P012,S04,1,549,2026-09-21T00:00:00
O00012,2026-09-13,C013,P013,S01,4,1999,2026-09-21T00:00:00
O00013,2026-09-14,C014,P014,S02,2,549,2026-09-21T00:00:00
O00014,2026-09-15,C015,P015,S03,3,4999,2026-09-21T00:00:00
O00015,2026-09-16,C016,P001,S04,2,549,2026-09-21T00:00:00
O00016,2026-09-17,C017,P002,S01,1,549,2026-09-21T00:00:00
O00017,2026-09-18,C018,P003,S02,2,999,2026-09-21T00:00:00
O00018,2026-09-19,C019,P004,S03,1,1999,2026-09-21T00:00:00
O00019,2026-09-20,C020,P005,S04,3,999,2026-09-21T00:00:00
O00020,2026-09-01,C021,P006,S01,5,549,2026-09-21T00:00:00
O00021,2026-09-02,C022,P007,S02,5,999,2026-09-21T00:00:00
O00022,2026-09-03,C023,P008,S03,4,549,2026-09-21T00:00:00
O00023,2026-09-04,C024,P009,S04,3,4999,2026-09-21T00:00:00
O00024,2026-09-05,C025,P010,S01,2,549,2026-09-21T00:00:00
O00025,2026-09-06,C026,P011,S02,1,4999,2026-09-21T00:00:00
O00026,2026-09-07,C027,P012,S03,1,4999,2026-09-21T00:00:00
O00027,2026-09-08,C028,P013,S04,4,999,2026-09-21T00:00:00
O00028,2026-09-09,C029,P014,S01,1,549,2026-09-21T00:00:00
O00029,2026-09-10,C030,P015,S02,2,549,2026-09-21T00:00:00
O00030,2026-09-11,C031,P001,S03,4,4999,2026-09-21T00:00:00
O00031,2026-09-12,C032,P002,S04,4,1999,2026-09-21T00:00:00
O00032,2026-09-13,C033,P003,S01,5,549,2026-09-21T00:00:00
O00033,2026-09-14,C034,P004,S02,1,4999,2026-09-21T00:00:00
O00034,2026-09-15,C035,P005,S03,3,999,2026-09-21T00:00:00
O00035,2026-09-16,C036,P006,S04,2,549,2026-09-21T00:00:00
O00036,2026-09-17,C037,P007,S01,1,549,2026-09-21T00:00:00
O00037,2026-09-18,C038,P008,S02,2,4999,2026-09-21T00:00:00
O00038,2026-09-19,C039,P009,S03,1,4999,2026-09-21T00:00:00
O00039,2026-09-20,C040,P010,S04,5,549,2026-09-21T00:00:00
O00040,2026-09-01,C041,P011,S01,2,999,2026-09-21T00:00:00
O00041,2026-09-02,C042,P012,S02,4,1999,2026-09-21T00:00:00
O00042,2026-09-03,C043,P013,S03,4,4999,2026-09-21T00:00:00
O00043,2026-09-04,C044,P014,S04,4,549,2026-09-21T00:00:00
O00044,2026-09-05,C045,P015,S01,3,999,2026-09-21T00:00:00
O00045,2026-09-06,C046,P001,S02,2,1999,2026-09-21T00:00:00
O00046,2026-09-07,C047,P002,S03,4,1999,2026-09-21T00:00:00
O00047,2026-09-08,C048,P003,S04,5,4999,2026-09-21T00:00:00
O00048,2026-09-09,C049,P004,S01,3,4999,2026-09-21T00:00:00
O00049,2026-09-10,C050,P005,S02,1,999,2026-09-21T00:00:00
O00050,2026-09-11,C051,P006,S03,5,999,2026-09-21T00:00:00
O00051,2026-09-12,C052,P007,S04,2,549,2026-09-21T00:00:00
O00052,2026-09-13,C053,P008,S01,2,999,2026-09-21T00:00:00
O00053,2026-09-14,C054,P009,S02,4,999,2026-09-21T00:00:00
O00054,2026-09-15,C055,P010,S03,1,999,2026-09-21T00:00:00
O00055,2026-09-16,C056,P011,S04,5,999,2026-09-21T00:00:00
O00056,2026-09-17,C057,P012,S01,4,1999,2026-09-21T00:00:00
O00057,2026-09-18,C058,P013,S02,1,999,2026-09-21T00:00:00
O00058,2026-09-19,C059,P014,S03,4,549,2026-09-21T00:00:00
O00059,2026-09-20,C060,P015,S04,4,999,2026-09-21T00:00:00
O00060,2026-09-01,C001,P001,S01,5,4999,2026-09-21T00:00:00
O00061,2026-09-02,C002,P002,S02,4,1999,2026-09-21T00:00:00
O00062,2026-09-03,C003,P003,S03,3,1999,2026-09-21T00:00:00
O00063,2026-09-04,C004,P004,S04,1,999,2026-09-21T00:00:00
O00064,2026-09-05,C005,P005,S01,5,999,2026-09-21T00:00:00
O00065,2026-09-06,C006,P006,S02,2,999,2026-09-21T00:00:00
O00066,2026-09-07,C007,P007,S03,4,549,2026-09-21T00:00:00
O00067,2026-09-08,C008,P008,S04,1,1999,2026-09-21T00:00:00
O00068,2026-09-09,C009,P009,S01,2,4999,2026-09-21T00:00:00
O00069,2026-09-10,C010,P010,S02,3,1999,2026-09-21T00:00:00
O00070,2026-09-11,C011,P011,S03,2,1999,2026-09-21T00:00:00
O00071,2026-09-12,C012,P012,S04,4,999,2026-09-21T00:00:00
O00072,2026-09-13,C013,P013,S01,1,1999,2026-09-21T00:00:00
O00073,2026-09-14,C014,P014,S02,5,4999,2026-09-21T00:00:00
O00074,2026-09-15,C015,P015,S03,3,4999,2026-09-21T00:00:00
O00075,2026-09-16,C016,P001,S04,4,999,2026-09-21T00:00:00
O00076,2026-09-17,C017,P002,S01,1,4999,2026-09-21T00:00:00
O00077,2026-09-18,C018,P003,S02,5,4999,2026-09-21T00:00:00
O00078,2026-09-19,C019,P004,S03,2,4999,2026-09-21T00:00:00
O00079,2026-09-20,C020,P005,S04,2,4999,2026-09-21T00:00:00
O00080,2026-09-01,C021,P006,S01,3,549,2026-09-21T00:00:00
O00081,2026-09-02,C022,P007,S02,2,4999,2026-09-21T00:00:00
O00082,2026-09-03,C023,P008,S03,4,4999,2026-09-21T00:00:00
O00083,2026-09-04,C024,P009,S04,1,549,2026-09-21T00:00:00
O00084,2026-09-05,C025,P010,S01,2,4999,2026-09-21T00:00:00
O00085,2026-09-06,C026,P011,S02,4,1999,2026-09-21T00:00:00
O00086,2026-09-07,C027,P012,S03,3,999,2026-09-21T00:00:00
O00087,2026-09-08,C028,P013,S04,4,549,2026-09-21T00:00:00
O00088,2026-09-09,C029,P014,S01,2,999,2026-09-21T00:00:00
O00089,2026-09-10,C030,P015,S02,5,4999,2026-09-21T00:00:00
O00090,2026-09-11,C031,P001,S03,2,549,2026-09-21T00:00:00
O00091,2026-09-12,C032,P002,S04,5,4999,2026-09-21T00:00:00
O00092,2026-09-13,C033,P003,S01,1,999,2026-09-21T00:00:00
O00093,2026-09-14,C034,P004,S02,3,549,2026-09-21T00:00:00
O00094,2026-09-15,C035,P005,S03,5,999,2026-09-21T00:00:00
O00095,2026-09-16,C036,P006,S04,4,999,2026-09-21T00:00:00
O00096,2026-09-17,C037,P007,S01,1,1999,2026-09-21T00:00:00
O00097,2026-09-18,C038,P008,S02,5,999,2026-09-21T00:00:00
O00098,2026-09-19,C039,P009,S03,4,549,2026-09-21T00:00:00
O00099,2026-09-20,C040,P010,S04,5,549,2026-09-21T00:00:00
O00100,2026-09-01,C041,P011,S01,2,1999,2026-09-21T00:00:00
O00101,2026-09-02,C042,P012,S02,2,1999,2026-09-21T00:00:00
O00102,2026-09-03,C043,P013,S03,4,549,2026-09-21T00:00:00
O00103,2026-09-04,C044,P014,S04,4,549,2026-09-21T00:00:00
O00104,2026-09-05,C045,P015,S01,3,549,2026-09-21T00:00:00
O00105,2026-09-06,C046,P001,S02,3,4999,2026-09-21T00:00:00
O00106,2026-09-07,C047,P002,S03,1,1999,2026-09-21T00:00:00
O00107,2026-09-08,C048,P003,S04,4,1999,2026-09-21T00:00:00
O00108,2026-09-09,C049,P004,S01,5,999,2026-09-21T00:00:00
O00109,2026-09-10,C050,P005,S02,1,549,2026-09-21T00:00:00
O00110,2026-09-11,C051,P006,S03,3,4999,2026-09-21T00:00:00
O00111,2026-09-12,C052,P007,S04,3,999,2026-09-21T00:00:00
O00112,2026-09-13,C053,P008,S01,4,999,2026-09-21T00:00:00
O00113,2026-09-14,C054,P009,S02,3,999,2026-09-21T00:00:00
O00114,2026-09-15,C055,P010,S03,1,549,2026-09-21T00:00:00
O00115,2026-09-16,C056,P011,S04,1,1999,2026-09-21T00:00:00
O00116,2026-09-17,C057,P012,S01,3,1999,2026-09-21T00:00:00
O00117,2026-09-18,C058,P013,S02,3,549,2026-09-21T00:00:00
O00118,2026-09-19,C059,P014,S03,2,549,2026-09-21T00:00:00
O00119,2026-09-20,C060,P015,S04,4,549,2026-09-21T00:00:00
O00120,2026-09-01,C001,P001,S01,1,999,2026-09-21T00:00:00
O00121,2026-09-02,C002,P002,S02,3,1999,2026-09-21T00:00:00
O00122,2026-09-03,C003,P003,S03,3,999,2026-09-21T00:00:00
O00123,2026-09-04,C004,P004,S04,4,4999,2026-09-21T00:00:00
O00124,2026-09-05,C005,P005,S01,4,1999,2026-09-21T00:00:00
O00125,2026-09-06,C006,P006,S02,5,1999,2026-09-21T00:00:00
O00126,2026-09-07,C007,P007,S03,5,999,2026-09-21T00:00:00
O00127,2026-09-08,C008,P008,S04,2,549,2026-09-21T00:00:00
O00128,2026-09-09,C009,P009,S01,3,549,2026-09-21T00:00:00
O00129,2026-09-10,C010,P010,S02,2,1999,2026-09-21T00:00:00
O00130,2026-09-11,C011,P011,S03,3,1999,2026-09-21T00:00:00
O00131,2026-09-12,C012,P012,S04,3,1999,2026-09-21T00:00:00
O00132,2026-09-13,C013,P013,S01,3,1999,2026-09-21T00:00:00
O00133,2026-09-14,C014,P014,S02,1,549,2026-09-21T00:00:00
O00134,2026-09-15,C015,P015,S03,3,1999,2026-09-21T00:00:00
O00135,2026-09-16,C016,P001,S04,2,4999,2026-09-21T00:00:00
O00136,2026-09-17,C017,P002,S01,5,549,2026-09-21T00:00:00
O00137,2026-09-18,C018,P003,S02,3,999,2026-09-21T00:00:00
O00138,2026-09-19,C019,P004,S03,3,4999,2026-09-21T00:00:00
O00139,2026-09-20,C020,P005,S04,5,4999,2026-09-21T00:00:00
O00140,2026-09-01,C021,P006,S01,4,999,2026-09-21T00:00:00
O00141,2026-09-02,C022,P007,S02,1,999,2026-09-21T00:00:00
O00142,2026-09-03,C023,P008,S03,1,1999,2026-09-21T00:00:00
O00143,2026-09-04,C024,P009,S04,5,1999,2026-09-21T00:00:00
O00144,2026-09-05,C025,P010,S01,1,999,2026-09-21T00:00:00
O00145,2026-09-06,C026,P011,S02,4,4999,2026-09-21T00:00:00
O00146,2026-09-07,C027,P012,S03,1,4999,2026-09-21T00:00:00
O00147,2026-09-08,C028,P013,S04,5,549,2026-09-21T00:00:00
O00148,2026-09-09,C029,P014,S01,1,4999,2026-09-21T00:00:00
O00149,2026-09-10,C030,P015,S02,4,549,2026-09-21T00:00:00
O00150,2026-09-11,C031,P001,S03,5,549,2026-09-21T00:00:00
O00151,2026-09-12,C032,P002,S04,1,549,2026-09-21T00:00:00
O00152,2026-09-13,C033,P003,S01,5,1999,2026-09-21T00:00:00
O00153,2026-09-14,C034,P004,S02,4,4999,2026-09-21T00:00:00
O00154,2026-09-15,C035,P005,S03,4,1999,2026-09-21T00:00:00
O00155,2026-09-16,C036,P006,S04,1,999,2026-09-21T00:00:00
O00156,2026-09-17,C037,P007,S01,5,549,2026-09-21T00:00:00
O00157,2026-09-18,C038,P008,S02,5,4999,2026-09-21T00:00:00
O00158,2026-09-19,C039,P009,S03,4,1999,2026-09-21T00:00:00
O00159,2026-09-20,C040,P010,S04,4,999,2026-09-21T00:00:00
O00160,2026-09-01,C041,P011,S01,3,549,2026-09-21T00:00:00
O00161,2026-09-02,C042,P012,S02,5,999,2026-09-21T00:00:00
O00162,2026-09-03,C043,P013,S03,3,999,2026-09-21T00:00:00
O00163,2026-09-04,C044,P014,S04,2,1999,2026-09-21T00:00:00
O00164,2026-09-05,C045,P015,S01,3,4999,2026-09-21T00:00:00
O00165,2026-09-06,C046,P001,S02,4,549,2026-09-21T00:00:00
O00166,2026-09-07,C047,P002,S03,2,999,2026-09-21T00:00:00
O00167,2026-09-08,C048,P003,S04,2,549,2026-09-21T00:00:00
O00168,2026-09-09,C049,P004,S01,1,549,2026-09-21T00:00:00
O00169,2026-09-10,C050,P005,S02,3,1999,2026-09-21T00:00:00
O00170,2026-09-11,C051,P006,S03,2,999,2026-09-21T00:00:00
O00171,2026-09-12,C052,P007,S04,2,1999,2026-09-21T00:00:00
O00172,2026-09-13,C053,P008,S01,2,999,2026-09-21T00:00:00
O00173,2026-09-14,C054,P009,S02,3,549,2026-09-21T00:00:00
O00174,2026-09-15,C055,P010,S03,4,549,2026-09-21T00:00:00
O00175,2026-09-16,C056,P011,S04,1,549,2026-09-21T00:00:00
O00176,2026-09-17,C057,P012,S01,5,549,2026-09-21T00:00:00
O00177,2026-09-18,C058,P013,S02,3,999,2026-09-21T00:00:00
O00178,2026-09-19,C059,P014,S03,1,999,2026-09-21T00:00:00
O00179,2026-09-20,C060,P015,S04,3,1999,2026-09-21T00:00:00
O00180,2026-09-01,C001,P001,S01,2,549,2026-09-21T00:00:00
O00181,2026-09-02,C002,P002,S02,2,1999,2026-09-21T00:00:00
O00182,2026-09-03,C003,P003,S03,1,999,2026-09-21T00:00:00
O00183,2026-09-04,C004,P004,S04,1,999,2026-09-21T00:00:00
O00184,2026-09-05,C005,P005,S01,4,999,2026-09-21T00:00:00
O00185,2026-09-06,C006,P006,S02,5,999,2026-09-21T00:00:00
O00186,2026-09-07,C007,P007,S03,3,4999,2026-09-21T00:00:00
O00187,2026-09-08,C008,P008,S04,2,1999,2026-09-21T00:00:00
O00188,2026-09-09,C009,P009,S01,1,1999,2026-09-21T00:00:00
O00189,2026-09-10,C010,P010,S02,5,4999,2026-09-21T00:00:00
O00190,2026-09-11,C011,P011,S03,4,1999,2026-09-21T00:00:00
O00191,2026-09-12,C012,P012,S04,4,4999,2026-09-21T00:00:00
O00192,2026-09-13,C013,P013,S01,3,4999,2026-09-21T00:00:00
O00193,2026-09-14,C014,P014,S02,5,1999,2026-09-21T00:00:00
O00194,2026-09-15,C015,P015,S03,2,549,2026-09-21T00:00:00
O00195,2026-09-16,C016,P001,S04,1,4999,2026-09-21T00:00:00
O00196,2026-09-17,C017,P002,S01,2,1999,2026-09-21T00:00:00
O00197,2026-09-18,C018,P003,S02,4,4999,2026-09-21T00:00:00
O00198,2026-09-19,C019,P004,S03,4,999,2026-09-21T00:00:00
O00199,2026-09-20,C020,P005,S04,4,1999,2026-09-21T00:00:00
O00200,2026-09-01,C021,P006,S01,2,549,2026-09-21T00:00:00
O00201,2026-09-02,C022,P007,S02,3,549,2026-09-21T00:00:00
O00202,2026-09-03,C023,P008,S03,1,1999,2026-09-21T00:00:00
O00203,2026-09-04,C024,P009,S04,3,1999,2026-09-21T00:00:00
O00204,2026-09-05,C025,P010,S01,2,1999,2026-09-21T00:00:00
O00205,2026-09-06,C026,P011,S02,2,549,2026-09-21T00:00:00
O00206,2026-09-07,C027,P012,S03,5,4999,2026-09-21T00:00:00
O00207,2026-09-08,C028,P013,S04,5,4999,2026-09-21T00:00:00
O00208,2026-09-09,C029,P014,S01,1,4999,2026-09-21T00:00:00
O00209,2026-09-10,C030,P015,S02,2,549,2026-09-21T00:00:00
O00210,2026-09-11,C031,P001,S03,5,4999,2026-09-21T00:00:00
O00211,2026-09-12,C032,P002,S04,2,4999,2026-09-21T00:00:00
O00212,2026-09-13,C033,P003,S01,2,549,2026-09-21T00:00:00
O00213,2026-09-14,C034,P004,S02,1,4999,2026-09-21T00:00:00
O00214,2026-09-15,C035,P005,S03,5,999,2026-09-21T00:00:00
O00215,2026-09-16,C036,P006,S04,2,4999,2026-09-21T00:00:00
O00216,2026-09-17,C037,P007,S01,3,4999,2026-09-21T00:00:00
O00217,2026-09-18,C038,P008,S02,2,4999,2026-09-21T00:00:00
O00218,2026-09-19,C039,P009,S03,4,1999,2026-09-21T00:00:00
O00219,2026-09-20,C040,P010,S04,3,4999,2026-09-21T00:00:00
O00220,2026-09-01,C041,P011,S01,1,4999,2026-09-21T00:00:00
O00221,2026-09-02,C042,P012,S02,3,999,2026-09-21T00:00:00
O00222,2026-09-03,C043,P013,S03,3,999,2026-09-21T00:00:00
O00223,2026-09-04,C044,P014,S04,5,999,2026-09-21T00:00:00
O00224,2026-09-05,C045,P015,S01,1,1999,2026-09-21T00:00:00
O00225,2026-09-06,C046,P001,S02,5,4999,2026-09-21T00:00:00
O00226,2026-09-07,C047,P002,S03,1,4999,2026-09-21T00:00:00
O00227,2026-09-08,C048,P003,S04,1,4999,2026-09-21T00:00:00
O00228,2026-09-09,C049,P004,S01,4,1999,2026-09-21T00:00:00
O00229,2026-09-10,C050,P005,S02,2,4999,2026-09-21T00:00:00
O00230,2026-09-11,C051,P006,S03,2,4999,2026-09-21T00:00:00
O00231,2026-09-12,C052,P007,S04,4,549,2026-09-21T00:00:00
O00232,2026-09-13,C053,P008,S01,2,4999,2026-09-21T00:00:00
O00233,2026-09-14,C054,P009,S02,5,549,2026-09-21T00:00:00
O00234,2026-09-15,C055,P010,S03,1,999,2026-09-21T00:00:00
O00235,2026-09-16,C056,P011,S04,2,1999,2026-09-21T00:00:00
O00236,2026-09-17,C057,P012,S01,1,549,2026-09-21T00:00:00
O00237,2026-09-18,C058,P013,S02,3,549,2026-09-21T00:00:00
O00238,2026-09-19,C059,P014,S03,5,1999,2026-09-21T00:00:00
O00239,2026-09-20,C060,P015,S04,4,1999,2026-09-21T00:00:00
O00240,2026-09-01,C001,P001,S01,3,1999,2026-09-21T00:00:00
O00241,2026-09-02,C002,P002,S02,3,999,2026-09-21T00:00:00
O00242,2026-09-03,C003,P003,S03,1,999,2026-09-21T00:00:00
O00243,2026-09-04,C004,P004,S04,1,549,2026-09-21T00:00:00
O00244,2026-09-05,C005,P005,S01,4,4999,2026-09-21T00:00:00
O00245,2026-09-06,C006,P006,S02,1,549,2026-09-21T00:00:00
O00246,2026-09-07,C007,P007,S03,4,999,2026-09-21T00:00:00
O00247,2026-09-08,C008,P008,S04,1,999,2026-09-21T00:00:00
O00248,2026-09-09,C009,P009,S01,4,4999,2026-09-21T00:00:00
O00249,2026-09-10,C010,P010,S02,1,549,2026-09-21T00:00:00
O00250,2026-09-11,C011,P011,S03,1,999,2026-09-21T00:00:00
O00251,2026-09-12,C012,P012,S04,4,999,2026-09-21T00:00:00
O00252,2026-09-13,C013,P013,S01,5,999,2026-09-21T00:00:00
O00253,2026-09-14,C014,P014,S02,2,549,2026-09-21T00:00:00
O00254,2026-09-15,C015,P015,S03,4,999,2026-09-21T00:00:00
O00255,2026-09-16,C016,P001,S04,2,549,2026-09-21T00:00:00
O00256,2026-09-17,C017,P002,S01,1,999,2026-09-21T00:00:00
O00257,2026-09-18,C018,P003,S02,1,549,2026-09-21T00:00:00
O00258,2026-09-19,C019,P004,S03,1,4999,2026-09-21T00:00:00
O00259,2026-09-20,C020,P005,S04,3,549,2026-09-21T00:00:00
O00260,2026-09-01,C021,P006,S01,5,1999,2026-09-21T00:00:00
O00261,2026-09-02,C022,P007,S02,3,549,2026-09-21T00:00:00
O00262,2026-09-03,C023,P008,S03,2,1999,2026-09-21T00:00:00
O00263,2026-09-04,C024,P009,S04,3,4999,2026-09-21T00:00:00
O00264,2026-09-05,C025,P010,S01,1,4999,2026-09-21T00:00:00
O00265,2026-09-06,C026,P011,S02,4,1999,2026-09-21T00:00:00
O00266,2026-09-07,C027,P012,S03,2,1999,2026-09-21T00:00:00
O00267,2026-09-08,C028,P013,S04,4,549,2026-09-21T00:00:00
O00268,2026-09-09,C029,P014,S01,1,549,2026-09-21T00:00:00
O00269,2026-09-10,C030,P015,S02,4,4999,2026-09-21T00:00:00
O00270,2026-09-11,C031,P001,S03,5,4999,2026-09-21T00:00:00
O00271,2026-09-12,C032,P002,S04,3,999,2026-09-21T00:00:00
O00272,2026-09-13,C033,P003,S01,3,549,2026-09-21T00:00:00
O00273,2026-09-14,C034,P004,S02,5,1999,2026-09-21T00:00:00
O00274,2026-09-15,C035,P005,S03,1,4999,2026-09-21T00:00:00
O00275,2026-09-16,C036,P006,S04,5,999,2026-09-21T00:00:00
O00276,2026-09-17,C037,P007,S01,3,999,2026-09-21T00:00:00
O00277,2026-09-18,C038,P008,S02,2,4999,2026-09-21T00:00:00
O00278,2026-09-19,C039,P009,S03,2,999,2026-09-21T00:00:00
O00279,2026-09-20,C040,P010,S04,4,999,2026-09-21T00:00:00
O00280,2026-09-01,C041,P011,S01,1,549,2026-09-21T00:00:00
O00281,2026-09-02,C042,P012,S02,2,1999,2026-09-21T00:00:00
O00282,2026-09-03,C043,P013,S03,2,999,2026-09-21T00:00:00
O00283,2026-09-04,C044,P014,S04,4,549,2026-09-21T00:00:00
O00284,2026-09-05,C045,P015,S01,3,1999,2026-09-21T00:00:00
O00285,2026-09-06,C046,P001,S02,5,999,2026-09-21T00:00:00
O00286,2026-09-07,C047,P002,S03,1,4999,2026-09-21T00:00:00
O00287,2026-09-08,C048,P003,S04,2,1999,2026-09-21T00:00:00
O00288,2026-09-09,C049,P004,S01,5,4999,2026-09-21T00:00:00
O00289,2026-09-10,C050,P005,S02,3,4999,2026-09-21T00:00:00
O00290,2026-09-11,C051,P006,S03,1,549,2026-09-21T00:00:00
O00291,2026-09-12,C052,P007,S04,4,999,2026-09-21T00:00:00
O00292,2026-09-13,C053,P008,S01,5,1999,2026-09-21T00:00:00
O00293,2026-09-14,C054,P009,S02,1,549,2026-09-21T00:00:00
O00294,2026-09-15,C055,P010,S03,5,1999,2026-09-21T00:00:00
O00295,2026-09-16,C056,P011,S04,1,1999,2026-09-21T00:00:00
O00296,2026-09-17,C057,P012,S01,4,1999,2026-09-21T00:00:00
O00297,2026-09-18,C058,P013,S02,5,1999,2026-09-21T00:00:00
O00298,2026-09-19,C059,P014,S03,2,999,2026-09-21T00:00:00
O00299,2026-09-20,C060,P015,S04,3,549,2026-09-21T00:00:00
O00300,2026-09-01,C001,P001,S01,3,999,2026-09-21T00:00:00
O00301,2026-09-02,C002,P002,S02,2,549,2026-09-21T00:00:00
O00302,2026-09-03,C003,P003,S03,2,999,2026-09-21T00:00:00
O00303,2026-09-04,C004,P004,S04,4,1999,2026-09-21T00:00:00
O00304,2026-09-05,C005,P005,S01,3,999,2026-09-21T00:00:00
O00305,2026-09-06,C006,P006,S02,3,999,2026-09-21T00:00:00
O00306,2026-09-07,C007,P007,S03,4,549,2026-09-21T00:00:00
O00307,2026-09-08,C008,P008,S04,3,4999,2026-09-21T00:00:00
O00308,2026-09-09,C009,P009,S01,4,1999,2026-09-21T00:00:00
O00309,2026-09-10,C010,P010,S02,1,4999,2026-09-21T00:00:00
O00310,2026-09-11,C011,P011,S03,1,1999,2026-09-21T00:00:00
O00311,2026-09-12,C012,P012,S04,5,549,2026-09-21T00:00:00
O00312,2026-09-13,C013,P013,S01,4,4999,2026-09-21T00:00:00
O00313,2026-09-14,C014,P014,S02,5,549,2026-09-21T00:00:00
O00314,2026-09-15,C015,P015,S03,5,549,2026-09-21T00:00:00
O00315,2026-09-16,C016,P001,S04,5,4999,2026-09-21T00:00:00
O00316,2026-09-17,C017,P002,S01,5,549,2026-09-21T00:00:00
O00317,2026-09-18,C018,P003,S02,1,1999,2026-09-21T00:00:00
O00318,2026-09-19,C019,P004,S03,1,999,2026-09-21T00:00:00
O00319,2026-09-20,C020,P005,S04,1,1999,2026-09-21T00:00:00
O00320,2026-09-01,C021,P006,S01,2,999,2026-09-21T00:00:00
O00321,2026-09-02,C022,P007,S02,2,4999,2026-09-21T00:00:00
O00322,2026-09-03,C023,P008,S03,4,4999,2026-09-21T00:00:00
O00323,2026-09-04,C024,P009,S04,1,1999,2026-09-21T00:00:00
O00324,2026-09-05,C025,P010,S01,5,549,2026-09-21T00:00:00
O00325,2026-09-06,C026,P011,S02,3,999,2026-09-21T00:00:00
O00326,2026-09-07,C027,P012,S03,2,999,2026-09-21T00:00:00
O00327,2026-09-08,C028,P013,S04,4,1999,2026-09-21T00:00:00
O00328,2026-09-09,C029,P014,S01,4,999,2026-09-21T00:00:00
O00329,2026-09-10,C030,P015,S02,5,4999,2026-09-21T00:00:00
O00330,2026-09-11,C031,P001,S03,2,999,2026-09-21T00:00:00
O00331,2026-09-12,C032,P002,S04,1,999,2026-09-21T00:00:00
O00332,2026-09-13,C033,P003,S01,5,1999,2026-09-21T00:00:00
O00333,2026-09-14,C034,P004,S02,1,4999,2026-09-21T00:00:00
O00334,2026-09-15,C035,P005,S03,3,549,2026-09-21T00:00:00
O00335,2026-09-16,C036,P006,S04,4,999,2026-09-21T00:00:00
O00336,2026-09-17,C037,P007,S01,3,549,2026-09-21T00:00:00
O00337,2026-09-18,C038,P008,S02,1,549,2026-09-21T00:00:00
O00338,2026-09-19,C039,P009,S03,1,4999,2026-09-21T00:00:00
O00339,2026-09-20,C040,P010,S04,2,4999,2026-09-21T00:00:00
O00340,2026-09-01,C041,P011,S01,3,999,2026-09-21T00:00:00
O00341,2026-09-02,C042,P012,S02,3,999,2026-09-21T00:00:00
O00342,2026-09-03,C043,P013,S03,4,4999,2026-09-21T00:00:00
O00343,2026-09-04,C044,P014,S04,4,999,2026-09-21T00:00:00
O00344,2026-09-05,C045,P015,S01,4,549,2026-09-21T00:00:00
O00345,2026-09-06,C046,P001,S02,3,4999,2026-09-21T00:00:00
O00346,2026-09-07,C047,P002,S03,3,549,2026-09-21T00:00:00
O00347,2026-09-08,C048,P003,S04,2,999,2026-09-21T00:00:00
O00348,2026-09-09,C049,P004,S01,4,1999,2026-09-21T00:00:00
O00349,2026-09-10,C050,P005,S02,4,549,2026-09-21T00:00:00
O00350,2026-09-11,C051,P006,S03,5,4999,2026-09-21T00:00:00
O00351,2026-09-12,C052,P007,S04,2,4999,2026-09-21T00:00:00
O00352,2026-09-13,C053,P008,S01,2,549,2026-09-21T00:00:00
O00353,2026-09-14,C054,P009,S02,4,4999,2026-09-21T00:00:00
O00354,2026-09-15,C055,P010,S03,5,1999,2026-09-21T00:00:00
O00355,2026-09-16,C056,P011,S04,1,999,2026-09-21T00:00:00
O00356,2026-09-17,C057,P012,S01,2,999,2026-09-21T00:00:00
O00357,2026-09-18,C058,P013,S02,1,999,2026-09-21T00:00:00
O00358,2026-09-19,C059,P014,S03,3,1999,2026-09-21T00:00:00
O00359,2026-09-20,C060,P015,S04,4,4999,2026-09-21T00:00:00
O00360,2026-09-01,C001,P001,S01,2,1999,2026-09-21T00:00:00
O00361,2026-09-02,C002,P002,S02,2,999,2026-09-21T00:00:00
O00362,2026-09-03,C003,P003,S03,4,549,2026-09-21T00:00:00
O00363,2026-09-04,C004,P004,S04,4,1999,2026-09-21T00:00:00
O00364,2026-09-05,C005,P005,S01,2,1999,2026-09-21T00:00:00
O00365,2026-09-06,C006,P006,S02,4,549,2026-09-21T00:00:00
O00366,2026-09-07,C007,P007,S03,3,4999,2026-09-21T00:00:00
O00367,2026-09-08,C008,P008,S04,2,4999,2026-09-21T00:00:00
O00368,2026-09-09,C009,P009,S01,4,1999,2026-09-21T00:00:00
O00369,2026-09-10,C010,P010,S02,1,999,2026-09-21T00:00:00
O00370,2026-09-11,C011,P011,S03,1,999,2026-09-21T00:00:00
O00371,2026-09-12,C012,P012,S04,2,999,2026-09-21T00:00:00
O00372,2026-09-13,C013,P013,S01,4,4999,2026-09-21T00:00:00
O00373,2026-09-14,C014,P014,S02,2,4999,2026-09-21T00:00:00
O00374,2026-09-15,C015,P015,S03,2,1999,2026-09-21T00:00:00
O00375,2026-09-16,C016,P001,S04,2,549,2026-09-21T00:00:00
O00376,2026-09-17,C017,P002,S01,3,4999,2026-09-21T00:00:00
O00377,2026-09-18,C018,P003,S02,5,999,2026-09-21T00:00:00
O00378,2026-09-19,C019,P004,S03,4,4999,2026-09-21T00:00:00
O00379,2026-09-20,C020,P005,S04,5,999,2026-09-21T00:00:00
O00380,2026-09-01,C021,P006,S01,5,549,2026-09-21T00:00:00
O00381,2026-09-02,C022,P007,S02,1,549,2026-09-21T00:00:00
O00382,2026-09-03,C023,P008,S03,3,1999,2026-09-21T00:00:00
O00383,2026-09-04,C024,P009,S04,3,999,2026-09-21T00:00:00
O00384,2026-09-05,C025,P010,S01,2,4999,2026-09-21T00:00:00
O00385,2026-09-06,C026,P011,S02,4,549,2026-09-21T00:00:00
O00386,2026-09-07,C027,P012,S03,2,4999,2026-09-21T00:00:00
O00387,2026-09-08,C028,P013,S04,5,4999,2026-09-21T00:00:00
O00388,2026-09-09,C029,P014,S01,4,4999,2026-09-21T00:00:00
O00389,2026-09-10,C030,P015,S02,1,1999,2026-09-21T00:00:00
O00390,2026-09-11,C031,P001,S03,5,4999,2026-09-21T00:00:00
O00391,2026-09-12,C032,P002,S04,3,549,2026-09-21T00:00:00
O00392,2026-09-13,C033,P003,S01,2,4999,2026-09-21T00:00:00
O00393,2026-09-14,C034,P004,S02,4,549,2026-09-21T00:00:00
O00394,2026-09-15,C035,P005,S03,1,4999,2026-09-21T00:00:00
O00395,2026-09-16,C036,P006,S04,4,999,2026-09-21T00:00:00
O00396,2026-09-17,C037,P007,S01,2,549,2026-09-21T00:00:00
O00397,2026-09-18,C038,P008,S02,4,999,2026-09-21T00:00:00
O00398,2026-09-19,C039,P009,S03,1,549,2026-09-21T00:00:00
O00399,2026-09-20,C040,P010,S04,1,4999,2026-09-21T00:00:00
O00400,2026-09-01,C041,P011,S01,4,1999,2026-09-21T00:00:00
O00401,2026-09-02,C042,P012,S02,1,1999,2026-09-21T00:00:00
O00402,2026-09-03,C043,P013,S03,1,999,2026-09-21T00:00:00
O00403,2026-09-04,C044,P014,S04,2,549,2026-09-21T00:00:00
O00404,2026-09-05,C045,P015,S01,5,549,2026-09-21T00:00:00
O00405,2026-09-06,C046,P001,S02,3,549,2026-09-21T00:00:00
O00406,2026-09-07,C047,P002,S03,2,999,2026-09-21T00:00:00
O00407,2026-09-08,C048,P003,S04,3,1999,2026-09-21T00:00:00
O00408,2026-09-09,C049,P004,S01,5,999,2026-09-21T00:00:00
O00409,2026-09-10,C050,P005,S02,4,999,2026-09-21T00:00:00
O00410,2026-09-11,C051,P006,S03,3,4999,2026-09-21T00:00:00
O00411,2026-09-12,C052,P007,S04,4,1999,2026-09-21T00:00:00
O00412,2026-09-13,C053,P008,S01,4,1999,2026-09-21T00:00:00
O00413,2026-09-14,C054,P009,S02,3,1999,2026-09-21T00:00:00
O00414,2026-09-15,C055,P010,S03,2,4999,2026-09-21T00:00:00
O00415,2026-09-16,C056,P011,S04,5,1999,2026-09-21T00:00:00
O00416,2026-09-17,C057,P012,S01,4,4999,2026-09-21T00:00:00
O00417,2026-09-18,C058,P013,S02,5,1999,2026-09-21T00:00:00
O00418,2026-09-19,C059,P014,S03,1,4999,2026-09-21T00:00:00
O00419,2026-09-20,C060,P015,S04,1,4999,2026-09-21T00:00:00
O00420,2026-09-01,C001,P001,S01,1,1999,2026-09-21T00:00:00
O00421,2026-09-02,C002,P002,S02,1,549,2026-09-21T00:00:00
O00422,2026-09-03,C003,P003,S03,1,549,2026-09-21T00:00:00
O00423,2026-09-04,C004,P004,S04,5,549,2026-09-21T00:00:00
O00424,2026-09-05,C005,P005,S01,2,999,2026-09-21T00:00:00
O00425,2026-09-06,C006,P006,S02,1,999,2026-09-21T00:00:00
O00426,2026-09-07,C007,P007,S03,5,549,2026-09-21T00:00:00
O00427,2026-09-08,C008,P008,S04,5,1999,2026-09-21T00:00:00
O00428,2026-09-09,C009,P009,S01,4,549,2026-09-21T00:00:00
O00429,2026-09-10,C010,P010,S02,4,4999,2026-09-21T00:00:00
O00430,2026-09-11,C011,P011,S03,3,999,2026-09-21T00:00:00
O00431,2026-09-12,C012,P012,S04,1,549,2026-09-21T00:00:00
O00432,2026-09-13,C013,P013,S01,2,1999,2026-09-21T00:00:00
O00433,2026-09-14,C014,P014,S02,5,1999,2026-09-21T00:00:00
O00434,2026-09-15,C015,P015,S03,3,4999,2026-09-21T00:00:00
O00435,2026-09-16,C016,P001,S04,3,549,2026-09-21T00:00:00
O00436,2026-09-17,C017,P002,S01,2,1999,2026-09-21T00:00:00
O00437,2026-09-18,C018,P003,S02,4,549,2026-09-21T00:00:00
O00438,2026-09-19,C019,P004,S03,1,4999,2026-09-21T00:00:00
O00439,2026-09-20,C020,P005,S04,3,1999,2026-09-21T00:00:00
O00440,2026-09-01,C021,P006,S01,3,549,2026-09-21T00:00:00
O00441,2026-09-02,C022,P007,S02,1,4999,2026-09-21T00:00:00
O00442,2026-09-03,C023,P008,S03,3,4999,2026-09-21T00:00:00
O00443,2026-09-04,C024,P009,S04,2,549,2026-09-21T00:00:00
O00444,2026-09-05,C025,P010,S01,1,4999,2026-09-21T00:00:00
O00445,2026-09-06,C026,P011,S02,3,549,2026-09-21T00:00:00
O00446,2026-09-07,C027,P012,S03,5,999,2026-09-21T00:00:00
O00447,2026-09-08,C028,P013,S04,3,1999,2026-09-21T00:00:00
O00448,2026-09-09,C029,P014,S01,1,1999,2026-09-21T00:00:00
O00449,2026-09-10,C030,P015,S02,1,4999,2026-09-21T00:00:00
O00450,2026-09-11,C031,P001,S03,4,549,2026-09-21T00:00:00
O00451,2026-09-12,C032,P002,S04,2,549,2026-09-21T00:00:00
O00452,2026-09-13,C033,P003,S01,5,1999,2026-09-21T00:00:00
O00453,2026-09-14,C034,P004,S02,2,549,2026-09-21T00:00:00
O00454,2026-09-15,C035,P005,S03,1,1999,2026-09-21T00:00:00
O00455,2026-09-16,C036,P006,S04,3,999,2026-09-21T00:00:00
O00456,2026-09-17,C037,P007,S01,1,549,2026-09-21T00:00:00
O00457,2026-09-18,C038,P008,S02,5,999,2026-09-21T00:00:00
O00458,2026-09-19,C039,P009,S03,5,549,2026-09-21T00:00:00
O00459,2026-09-20,C040,P010,S04,5,549,2026-09-21T00:00:00
O00460,2026-09-01,C041,P011,S01,3,549,2026-09-21T00:00:00
O00461,2026-09-02,C042,P012,S02,3,999,2026-09-21T00:00:00
O00462,2026-09-03,C043,P013,S03,3,999,2026-09-21T00:00:00
O00463,2026-09-04,C044,P014,S04,5,549,2026-09-21T00:00:00
O00464,2026-09-05,C045,P015,S01,4,999,2026-09-21T00:00:00
O00465,2026-09-06,C046,P001,S02,5,1999,2026-09-21T00:00:00
O00466,2026-09-07,C047,P002,S03,2,999,2026-09-21T00:00:00
O00467,2026-09-08,C048,P003,S04,4,549,2026-09-21T00:00:00
O00468,2026-09-09,C049,P004,S01,1,999,2026-09-21T00:00:00
O00469,2026-09-10,C050,P005,S02,5,549,2026-09-21T00:00:00
O00470,2026-09-11,C051,P006,S03,5,4999,2026-09-21T00:00:00
O00471,2026-09-12,C052,P007,S04,4,4999,2026-09-21T00:00:00
O00472,2026-09-13,C053,P008,S01,2,4999,2026-09-21T00:00:00
O00473,2026-09-14,C054,P009,S02,5,4999,2026-09-21T00:00:00
O00474,2026-09-15,C055,P010,S03,4,4999,2026-09-21T00:00:00
O00475,2026-09-16,C056,P011,S04,1,999,2026-09-21T00:00:00
O00476,2026-09-17,C057,P012,S01,2,549,2026-09-21T00:00:00
O00477,2026-09-18,C058,P013,S02,2,4999,2026-09-21T00:00:00
O00478,2026-09-19,C059,P014,S03,2,4999,2026-09-21T00:00:00
O00479,2026-09-20,C060,P015,S04,4,4999,2026-09-21T00:00:00
O00480,2026-09-01,C001,P001,S01,3,1999,2026-09-21T00:00:00
O00481,2026-09-02,C002,P002,S02,5,549,2026-09-21T00:00:00
O00482,2026-09-03,C003,P003,S03,2,999,2026-09-21T00:00:00
O00483,2026-09-04,C004,P004,S04,2,4999,2026-09-21T00:00:00
O00484,2026-09-05,C005,P005,S01,3,4999,2026-09-21T00:00:00
O00485,2026-09-06,C006,P006,S02,2,4999,2026-09-21T00:00:00
O00486,2026-09-07,C007,P007,S03,4,549,2026-09-21T00:00:00
O00487,2026-09-08,C008,P008,S04,4,549,2026-09-21T00:00:00
O00488,2026-09-09,C009,P009,S01,3,1999,2026-09-21T00:00:00
O00489,2026-09-10,C010,P010,S02,3,1999,2026-09-21T00:00:00
O00490,2026-09-11,C011,P011,S03,5,999,2026-09-21T00:00:00
O00491,2026-09-12,C012,P012,S04,5,4999,2026-09-21T00:00:00
O00492,2026-09-13,C013,P013,S01,3,549,2026-09-21T00:00:00
O00493,2026-09-14,C014,P014,S02,1,4999,2026-09-21T00:00:00
O00494,2026-09-15,C015,P015,S03,1,1999,2026-09-21T00:00:00
O00495,2026-09-16,C016,P001,S04,4,999,2026-09-21T00:00:00
O00496,2026-09-17,C017,P002,S01,5,999,2026-09-21T00:00:00
O00497,2026-09-18,C018,P003,S02,3,1999,2026-09-21T00:00:00
O00498,2026-09-19,C019,P004,S03,3,1999,2026-09-21T00:00:00
O00499,2026-09-20,C020,P005,S04,2,1999,2026-09-21T00:00:00
O00500,2026-09-01,C021,P006,S01,1,1999,2026-09-21T00:00:00
O00501,2026-09-02,C022,P007,S02,4,549,2026-09-21T00:00:00
O00502,2026-09-03,C023,P008,S03,3,1999,2026-09-21T00:00:00
O00503,2026-09-04,C024,P009,S04,4,1999,2026-09-21T00:00:00
O00504,2026-09-05,C025,P010,S01,2,4999,2026-09-21T00:00:00
O00505,2026-09-06,C026,P011,S02,5,999,2026-09-21T00:00:00
O00506,2026-09-07,C027,P012,S03,2,1999,2026-09-21T00:00:00
O00507,2026-09-08,C028,P013,S04,4,4999,2026-09-21T00:00:00
O00508,2026-09-09,C029,P014,S01,2,999,2026-09-21T00:00:00
O00509,2026-09-10,C030,P015,S02,3,1999,2026-09-21T00:00:00
O00510,2026-09-11,C031,P001,S03,1,4999,2026-09-21T00:00:00
O00511,2026-09-12,C032,P002,S04,2,549,2026-09-21T00:00:00
O00512,2026-09-13,C033,P003,S01,1,999,2026-09-21T00:00:00
O00513,2026-09-14,C034,P004,S02,4,999,2026-09-21T00:00:00
O00514,2026-09-15,C035,P005,S03,1,549,2026-09-21T00:00:00
O00515,2026-09-16,C036,P006,S04,3,4999,2026-09-21T00:00:00
O00516,2026-09-17,C037,P007,S01,2,4999,2026-09-21T00:00:00
O00517,2026-09-18,C038,P008,S02,2,4999,2026-09-21T00:00:00
O00518,2026-09-19,C039,P009,S03,2,1999,2026-09-21T00:00:00
O00519,2026-09-20,C040,P010,S04,2,1999,2026-09-21T00:00:00
O00520,2026-09-01,C041,P011,S01,1,1999,2026-09-21T00:00:00
O00521,2026-09-02,C042,P012,S02,2,549,2026-09-21T00:00:00
O00522,2026-09-03,C043,P013,S03,3,4999,2026-09-21T00:00:00
O00523,2026-09-04,C044,P014,S04,4,999,2026-09-21T00:00:00
O00524,2026-09-05,C045,P015,S01,4,1999,2026-09-21T00:00:00
O00525,2026-09-06,C046,P001,S02,3,549,2026-09-21T00:00:00
O00526,2026-09-07,C047,P002,S03,1,549,2026-09-21T00:00:00
O00527,2026-09-08,C048,P003,S04,2,999,2026-09-21T00:00:00
O00528,2026-09-09,C049,P004,S01,1,549,2026-09-21T00:00:00
O00529,2026-09-10,C050,P005,S02,4,549,2026-09-21T00:00:00
O00530,2026-09-11,C051,P006,S03,1,4999,2026-09-21T00:00:00
O00531,2026-09-12,C052,P007,S04,5,4999,2026-09-21T00:00:00
O00532,2026-09-13,C053,P008,S01,2,549,2026-09-21T00:00:00
O00533,2026-09-14,C054,P009,S02,5,999,2026-09-21T00:00:00
O00534,2026-09-15,C055,P010,S03,2,549,2026-09-21T00:00:00
O00535,2026-09-16,C056,P011,S04,1,1999,2026-09-21T00:00:00
O00536,2026-09-17,C057,P012,S01,1,549,2026-09-21T00:00:00
O00537,2026-09-18,C058,P013,S02,2,999,2026-09-21T00:00:00
O00538,2026-09-19,C059,P014,S03,3,999,2026-09-21T00:00:00
O00539,2026-09-20,C060,P015,S04,3,549,2026-09-21T00:00:00
O00540,2026-09-01,C001,P001,S01,2,549,2026-09-21T00:00:00
O00541,2026-09-02,C002,P002,S02,2,549,2026-09-21T00:00:00
O00542,2026-09-03,C003,P003,S03,1,999,2026-09-21T00:00:00
O00543,2026-09-04,C004,P004,S04,1,4999,2026-09-21T00:00:00
O00544,2026-09-05,C005,P005,S01,2,4999,2026-09-21T00:00:00
O00545,2026-09-06,C006,P006,S02,3,999,2026-09-21T00:00:00
O00546,2026-09-07,C007,P007,S03,3,4999,2026-09-21T00:00:00
O00547,2026-09-08,C008,P008,S04,4,549,2026-09-21T00:00:00
O00548,2026-09-09,C009,P009,S01,3,999,2026-09-21T00:00:00
O00549,2026-09-10,C010,P010,S02,5,1999,2026-09-21T00:00:00
O00550,2026-09-11,C011,P011,S03,4,549,2026-09-21T00:00:00
O00551,2026-09-12,C012,P012,S04,4,4999,2026-09-21T00:00:00
O00552,2026-09-13,C013,P013,S01,4,1999,2026-09-21T00:00:00
O00553,2026-09-14,C014,P014,S02,1,4999,2026-09-21T00:00:00
O00554,2026-09-15,C015,P015,S03,3,4999,2026-09-21T00:00:00
O00555,2026-09-16,C016,P001,S04,3,1999,2026-09-21T00:00:00
O00556,2026-09-17,C017,P002,S01,5,999,2026-09-21T00:00:00
O00557,2026-09-18,C018,P003,S02,1,999,2026-09-21T00:00:00
O00558,2026-09-19,C019,P004,S03,3,4999,2026-09-21T00:00:00
O00559,2026-09-20,C020,P005,S04,5,549,2026-09-21T00:00:00
O00560,2026-09-01,C021,P006,S01,3,549,2026-09-21T00:00:00
O00561,2026-09-02,C022,P007,S02,1,1999,2026-09-21T00:00:00
O00562,2026-09-03,C023,P008,S03,4,4999,2026-09-21T00:00:00
O00563,2026-09-04,C024,P009,S04,2,549,2026-09-21T00:00:00
O00564,2026-09-05,C025,P010,S01,3,4999,2026-09-21T00:00:00
O00565,2026-09-06,C026,P011,S02,4,999,2026-09-21T00:00:00
O00566,2026-09-07,C027,P012,S03,3,549,2026-09-21T00:00:00
O00567,2026-09-08,C028,P013,S04,3,1999,2026-09-21T00:00:00
O00568,2026-09-09,C029,P014,S01,5,1999,2026-09-21T00:00:00
O00569,2026-09-10,C030,P015,S02,5,4999,2026-09-21T00:00:00
O00570,2026-09-11,C031,P001,S03,4,1999,2026-09-21T00:00:00
O00571,2026-09-12,C032,P002,S04,1,999,2026-09-21T00:00:00
O00572,2026-09-13,C033,P003,S01,3,4999,2026-09-21T00:00:00
O00573,2026-09-14,C034,P004,S02,2,1999,2026-09-21T00:00:00
O00574,2026-09-15,C035,P005,S03,3,4999,2026-09-21T00:00:00
O00575,2026-09-16,C036,P006,S04,1,549,2026-09-21T00:00:00
O00576,2026-09-17,C037,P007,S01,5,1999,2026-09-21T00:00:00
O00577,2026-09-18,C038,P008,S02,1,549,2026-09-21T00:00:00
O00578,2026-09-19,C039,P009,S03,2,4999,2026-09-21T00:00:00
O00579,2026-09-20,C040,P010,S04,4,4999,2026-09-21T00:00:00
O00580,2026-09-01,C041,P011,S01,2,999,2026-09-21T00:00:00
O00581,2026-09-02,C042,P012,S02,5,4999,2026-09-21T00:00:00
O00582,2026-09-03,C043,P013,S03,3,549,2026-09-21T00:00:00
O00583,2026-09-04,C044,P014,S04,1,1999,2026-09-21T00:00:00
O00584,2026-09-05,C045,P015,S01,1,999,2026-09-21T00:00:00
O00585,2026-09-06,C046,P001,S02,4,999,2026-09-21T00:00:00
O00586,2026-09-07,C047,P002,S03,3,999,2026-09-21T00:00:00
O00587,2026-09-08,C048,P003,S04,3,4999,2026-09-21T00:00:00
O00588,2026-09-09,C049,P004,S01,5,549,2026-09-21T00:00:00
O00589,2026-09-10,C050,P005,S02,4,4999,2026-09-21T00:00:00
O00590,2026-09-11,C051,P006,S03,2,999,2026-09-21T00:00:00
O00591,2026-09-12,C052,P007,S04,4,549,2026-09-21T00:00:00
O00592,2026-09-13,C053,P008,S01,4,1999,2026-09-21T00:00:00
O00593,2026-09-14,C054,P009,S02,2,1999,2026-09-21T00:00:00
O00594,2026-09-15,C055,P010,S03,1,1999,2026-09-21T00:00:00
O00595,2026-09-16,C056,P011,S04,1,1999,2026-09-21T00:00:00
O00596,2026-09-17,C057,P012,S01,1,4999,2026-09-21T00:00:00
O00597,2026-09-18,C058,P013,S02,3,4999,2026-09-21T00:00:00
O00598,2026-09-19,C059,P014,S03,2,999,2026-09-21T00:00:00
O00599,2026-09-20,C060,P015,S04,2,999,2026-09-21T00:00:00
O00600,2026-09-01,C001,P001,S01,3,1999,2026-09-21T00:00:00
O00601,2026-09-02,C002,P002,S02,5,4999,2026-09-21T00:00:00
O00602,2026-09-03,C003,P003,S03,4,999,2026-09-21T00:00:00
O00603,2026-09-04,C004,P004,S04,4,4999,2026-09-21T00:00:00
O00604,2026-09-05,C005,P005,S01,2,1999,2026-09-21T00:00:00
O00605,2026-09-06,C006,P006,S02,4,999,2026-09-21T00:00:00
O00606,2026-09-07,C007,P007,S03,5,549,2026-09-21T00:00:00
O00607,2026-09-08,C008,P008,S04,3,1999,2026-09-21T00:00:00
O00608,2026-09-09,C009,P009,S01,1,4999,2026-09-21T00:00:00
O00609,2026-09-10,C010,P010,S02,4,549,2026-09-21T00:00:00
O00610,2026-09-11,C011,P011,S03,5,549,2026-09-21T00:00:00
O00611,2026-09-12,C012,P012,S04,5,999,2026-09-21T00:00:00
O00612,2026-09-13,C013,P013,S01,4,4999,2026-09-21T00:00:00
O00613,2026-09-14,C014,P014,S02,4,4999,2026-09-21T00:00:00
O00614,2026-09-15,C015,P015,S03,5,549,2026-09-21T00:00:00
O00615,2026-09-16,C016,P001,S04,1,999,2026-09-21T00:00:00
O00616,2026-09-17,C017,P002,S01,3,999,2026-09-21T00:00:00
O00617,2026-09-18,C018,P003,S02,4,4999,2026-09-21T00:00:00
O00618,2026-09-19,C019,P004,S03,5,999,2026-09-21T00:00:00
O00619,2026-09-20,C020,P005,S04,4,1999,2026-09-21T00:00:00
O00620,2026-09-01,C021,P006,S01,3,1999,2026-09-21T00:00:00
O00621,2026-09-02,C022,P007,S02,1,1999,2026-09-21T00:00:00
O00622,2026-09-03,C023,P008,S03,3,1999,2026-09-21T00:00:00
O00623,2026-09-04,C024,P009,S04,2,1999,2026-09-21T00:00:00
O00624,2026-09-05,C025,P010,S01,1,1999,2026-09-21T00:00:00
O00625,2026-09-06,C026,P011,S02,2,549,2026-09-21T00:00:00
O00626,2026-09-07,C027,P012,S03,3,999,2026-09-21T00:00:00
O00627,2026-09-08,C028,P013,S04,1,999,2026-09-21T00:00:00
O00628,2026-09-09,C029,P014,S01,5,1999,2026-09-21T00:00:00
O00629,2026-09-10,C030,P015,S02,1,549,2026-09-21T00:00:00
O00630,2026-09-11,C031,P001,S03,2,4999,2026-09-21T00:00:00
O00631,2026-09-12,C032,P002,S04,5,999,2026-09-21T00:00:00
O00632,2026-09-13,C033,P003,S01,4,999,2026-09-21T00:00:00
O00633,2026-09-14,C034,P004,S02,3,1999,2026-09-21T00:00:00
O00634,2026-09-15,C035,P005,S03,5,999,2026-09-21T00:00:00
O00635,2026-09-16,C036,P006,S04,3,1999,2026-09-21T00:00:00
O00636,2026-09-17,C037,P007,S01,3,4999,2026-09-21T00:00:00
O00637,2026-09-18,C038,P008,S02,2,549,2026-09-21T00:00:00
O00638,2026-09-19,C039,P009,S03,1,1999,2026-09-21T00:00:00
O00639,2026-09-20,C040,P010,S04,3,4999,2026-09-21T00:00:00
O00640,2026-09-01,C041,P011,S01,4,4999,2026-09-21T00:00:00
O00641,2026-09-02,C042,P012,S02,1,4999,2026-09-21T00:00:00
O00642,2026-09-03,C043,P013,S03,2,4999,2026-09-21T00:00:00
O00643,2026-09-04,C044,P014,S04,4,4999,2026-09-21T00:00:00
O00644,2026-09-05,C045,P015,S01,1,4999,2026-09-21T00:00:00
O00645,2026-09-06,C046,P001,S02,1,4999,2026-09-21T00:00:00
O00646,2026-09-07,C047,P002,S03,2,999,2026-09-21T00:00:00
O00647,2026-09-08,C048,P003,S04,3,1999,2026-09-21T00:00:00
O00648,2026-09-09,C049,P004,S01,1,549,2026-09-21T00:00:00
O00649,2026-09-10,C050,P005,S02,1,1999,2026-09-21T00:00:00
O00650,2026-09-11,C051,P006,S03,3,1999,2026-09-21T00:00:00
O00651,2026-09-12,C052,P007,S04,1,999,2026-09-21T00:00:00
O00652,2026-09-13,C053,P008,S01,1,999,2026-09-21T00:00:00
O00653,2026-09-14,C054,P009,S02,2,999,2026-09-21T00:00:00
O00654,2026-09-15,C055,P010,S03,1,1999,2026-09-21T00:00:00
O00655,2026-09-16,C056,P011,S04,2,549,2026-09-21T00:00:00
O00656,2026-09-17,C057,P012,S01,3,549,2026-09-21T00:00:00
O00657,2026-09-18,C058,P013,S02,2,549,2026-09-21T00:00:00
O00658,2026-09-19,C059,P014,S03,3,999,2026-09-21T00:00:00
O00659,2026-09-20,C060,P015,S04,4,549,2026-09-21T00:00:00
O00660,2026-09-01,C001,P001,S01,3,999,2026-09-21T00:00:00
O00661,2026-09-02,C002,P002,S02,1,999,2026-09-21T00:00:00
O00662,2026-09-03,C003,P003,S03,2,1999,2026-09-21T00:00:00
O00663,2026-09-04,C004,P004,S04,2,549,2026-09-21T00:00:00
O00664,2026-09-05,C005,P005,S01,4,1999,2026-09-21T00:00:00
O00665,2026-09-06,C006,P006,S02,2,999,2026-09-21T00:00:00
O00666,2026-09-07,C007,P007,S03,2,4999,2026-09-21T00:00:00
O00667,2026-09-08,C008,P008,S04,5,549,2026-09-21T00:00:00
O00668,2026-09-09,C009,P009,S01,3,4999,2026-09-21T00:00:00
O00669,2026-09-10,C010,P010,S02,3,999,2026-09-21T00:00:00
O00670,2026-09-11,C011,P011,S03,2,549,2026-09-21T00:00:00
O00671,2026-09-12,C012,P012,S04,5,999,2026-09-21T00:00:00
O00672,2026-09-13,C013,P013,S01,4,4999,2026-09-21T00:00:00
O00673,2026-09-14,C014,P014,S02,5,4999,2026-09-21T00:00:00
O00674,2026-09-15,C015,P015,S03,2,1999,2026-09-21T00:00:00
O00675,2026-09-16,C016,P001,S04,4,549,2026-09-21T00:00:00
O00676,2026-09-17,C017,P002,S01,1,1999,2026-09-21T00:00:00
O00677,2026-09-18,C018,P003,S02,4,4999,2026-09-21T00:00:00
O00678,2026-09-19,C019,P004,S03,4,1999,2026-09-21T00:00:00
O00679,2026-09-20,C020,P005,S04,1,4999,2026-09-21T00:00:00
O00680,2026-09-01,C021,P006,S01,5,4999,2026-09-21T00:00:00
O00681,2026-09-02,C022,P007,S02,5,549,2026-09-21T00:00:00
O00682,2026-09-03,C023,P008,S03,5,549,2026-09-21T00:00:00
O00683,2026-09-04,C024,P009,S04,3,1999,2026-09-21T00:00:00
O00684,2026-09-05,C025,P010,S01,1,999,2026-09-21T00:00:00
O00685,2026-09-06,C026,P011,S02,3,999,2026-09-21T00:00:00
O00686,2026-09-07,C027,P012,S03,5,1999,2026-09-21T00:00:00
O00687,2026-09-08,C028,P013,S04,2,1999,2026-09-21T00:00:00
O00688,2026-09-09,C029,P014,S01,1,549,2026-09-21T00:00:00
O00689,2026-09-10,C030,P015,S02,1,549,2026-09-21T00:00:00
O00690,2026-09-11,C031,P001,S03,2,999,2026-09-21T00:00:00
O00691,2026-09-12,C032,P002,S04,2,4999,2026-09-21T00:00:00
O00692,2026-09-13,C033,P003,S01,2,4999,2026-09-21T00:00:00
O00693,2026-09-14,C034,P004,S02,3,549,2026-09-21T00:00:00
O00694,2026-09-15,C035,P005,S03,2,1999,2026-09-21T00:00:00
O00695,2026-09-16,C036,P006,S04,2,4999,2026-09-21T00:00:00
O00696,2026-09-17,C037,P007,S01,1,4999,2026-09-21T00:00:00
O00697,2026-09-18,C038,P008,S02,5,999,2026-09-21T00:00:00
O00698,2026-09-19,C039,P009,S03,4,549,2026-09-21T00:00:00
O00699,2026-09-20,C040,P010,S04,2,999,2026-09-21T00:00:00
O00700,2026-09-01,C041,P011,S01,5,4999,2026-09-21T00:00:00
O00701,2026-09-02,C042,P012,S02,5,1999,2026-09-21T00:00:00
O00702,2026-09-03,C043,P013,S03,4,4999,2026-09-21T00:00:00
O00703,2026-09-04,C044,P014,S04,3,1999,2026-09-21T00:00:00
O00704,2026-09-05,C045,P015,S01,5,999,2026-09-21T00:00:00
O00705,2026-09-06,C046,P001,S02,3,549,2026-09-21T00:00:00
O00706,2026-09-07,C047,P002,S03,5,549,2026-09-21T00:00:00
O00707,2026-09-08,C048,P003,S04,5,999,2026-09-21T00:00:00
O00708,2026-09-09,C049,P004,S01,1,1999,2026-09-21T00:00:00
O00709,2026-09-10,C050,P005,S02,2,999,2026-09-21T00:00:00
O00710,2026-09-11,C051,P006,S03,4,549,2026-09-21T00:00:00
O00711,2026-09-12,C052,P007,S04,4,549,2026-09-21T00:00:00
O00712,2026-09-13,C053,P008,S01,1,999,2026-09-21T00:00:00
O00713,2026-09-14,C054,P009,S02,4,999,2026-09-21T00:00:00
O00714,2026-09-15,C055,P010,S03,4,999,2026-09-21T00:00:00
O00715,2026-09-16,C056,P011,S04,2,549,2026-09-21T00:00:00
O00716,2026-09-17,C057,P012,S01,2,999,2026-09-21T00:00:00
O00717,2026-09-18,C058,P013,S02,2,1999,2026-09-21T00:00:00
O00718,2026-09-19,C059,P014,S03,3,549,2026-09-21T00:00:00
O00719,2026-09-20,C060,P015,S04,3,549,2026-09-21T00:00:00
O00720,2026-09-01,C001,P001,S01,2,1999,2026-09-21T00:00:00
O00721,2026-09-02,C002,P002,S02,3,999,2026-09-21T00:00:00
O00722,2026-09-03,C003,P003,S03,2,4999,2026-09-21T00:00:00
O00723,2026-09-04,C004,P004,S04,3,4999,2026-09-21T00:00:00
O00724,2026-09-05,C005,P005,S01,2,549,2026-09-21T00:00:00
O00725,2026-09-06,C006,P006,S02,3,999,2026-09-21T00:00:00
O00726,2026-09-07,C007,P007,S03,5,999,2026-09-21T00:00:00
O00727,2026-09-08,C008,P008,S04,5,4999,2026-09-21T00:00:00
O00728,2026-09-09,C009,P009,S01,5,549,2026-09-21T00:00:00
O00729,2026-09-10,C010,P010,S02,4,4999,2026-09-21T00:00:00
O00730,2026-09-11,C011,P011,S03,3,549,2026-09-21T00:00:00
O00731,2026-09-12,C012,P012,S04,4,999,2026-09-21T00:00:00
O00732,2026-09-13,C013,P013,S01,5,549,2026-09-21T00:00:00
O00733,2026-09-14,C014,P014,S02,1,4999,2026-09-21T00:00:00
O00734,2026-09-15,C015,P015,S03,4,4999,2026-09-21T00:00:00
O00735,2026-09-16,C016,P001,S04,4,1999,2026-09-21T00:00:00
O00736,2026-09-17,C017,P002,S01,5,1999,2026-09-21T00:00:00
O00737,2026-09-18,C018,P003,S02,2,4999,2026-09-21T00:00:00
O00738,2026-09-19,C019,P004,S03,3,4999,2026-09-21T00:00:00
O00739,2026-09-20,C020,P005,S04,2,549,2026-09-21T00:00:00
O00740,2026-09-01,C021,P006,S01,3,999,2026-09-21T00:00:00
O00741,2026-09-02,C022,P007,S02,5,4999,2026-09-21T00:00:00
O00742,2026-09-03,C023,P008,S03,5,549,2026-09-21T00:00:00
O00743,2026-09-04,C024,P009,S04,4,4999,2026-09-21T00:00:00
O00744,2026-09-05,C025,P010,S01,3,999,2026-09-21T00:00:00
O00745,2026-09-06,C026,P011,S02,5,549,2026-09-21T00:00:00
O00746,2026-09-07,C027,P012,S03,5,549,2026-09-21T00:00:00
O00747,2026-09-08,C028,P013,S04,2,999,2026-09-21T00:00:00
O00748,2026-09-09,C029,P014,S01,4,1999,2026-09-21T00:00:00
O00749,2026-09-10,C030,P015,S02,1,1999,2026-09-21T00:00:00
O00750,2026-09-11,C031,P001,S03,1,1999,2026-09-21T00:00:00
O00751,2026-09-12,C032,P002,S04,5,549,2026-09-21T00:00:00
O00752,2026-09-13,C033,P003,S01,2,549,2026-09-21T00:00:00
O00753,2026-09-14,C034,P004,S02,2,549,2026-09-21T00:00:00
O00754,2026-09-15,C035,P005,S03,3,1999,2026-09-21T00:00:00
O00755,2026-09-16,C036,P006,S04,3,4999,2026-09-21T00:00:00
O00756,2026-09-17,C037,P007,S01,5,1999,2026-09-21T00:00:00
O00757,2026-09-18,C038,P008,S02,1,1999,2026-09-21T00:00:00
O00758,2026-09-19,C039,P009,S03,2,4999,2026-09-21T00:00:00
O00759,2026-09-20,C040,P010,S04,3,999,2026-09-21T00:00:00
O00760,2026-09-01,C041,P011,S01,2,1999,2026-09-21T00:00:00
O00761,2026-09-02,C042,P012,S02,2,549,2026-09-21T00:00:00
O00762,2026-09-03,C043,P013,S03,5,4999,2026-09-21T00:00:00
O00763,2026-09-04,C044,P014,S04,4,999,2026-09-21T00:00:00
O00764,2026-09-05,C045,P015,S01,4,549,2026-09-21T00:00:00
O00765,2026-09-06,C046,P001,S02,4,1999,2026-09-21T00:00:00
O00766,2026-09-07,C047,P002,S03,3,1999,2026-09-21T00:00:00
O00767,2026-09-08,C048,P003,S04,1,999,2026-09-21T00:00:00
O00768,2026-09-09,C049,P004,S01,1,549,2026-09-21T00:00:00
O00769,2026-09-10,C050,P005,S02,2,1999,2026-09-21T00:00:00
O00770,2026-09-11,C051,P006,S03,4,4999,2026-09-21T00:00:00
O00771,2026-09-12,C052,P007,S04,5,999,2026-09-21T00:00:00
O00772,2026-09-13,C053,P008,S01,4,549,2026-09-21T00:00:00
O00773,2026-09-14,C054,P009,S02,1,1999,2026-09-21T00:00:00
O00774,2026-09-15,C055,P010,S03,1,4999,2026-09-21T00:00:00
O00775,2026-09-16,C056,P011,S04,3,999,2026-09-21T00:00:00
O00776,2026-09-17,C057,P012,S01,1,999,2026-09-21T00:00:00
O00777,2026-09-18,C058,P013,S02,5,1999,2026-09-21T00:00:00
O00778,2026-09-19,C059,P014,S03,3,1999,2026-09-21T00:00:00
O00779,2026-09-20,C060,P015,S04,3,1999,2026-09-21T00:00:00
O00780,2026-09-01,C001,P001,S01,1,1999,2026-09-21T00:00:00
O00781,2026-09-02,C002,P002,S02,2,1999,2026-09-21T00:00:00
O00782,2026-09-03,C003,P003,S03,4,549,2026-09-21T00:00:00
O00783,2026-09-04,C004,P004,S04,2,4999,2026-09-21T00:00:00
O00784,2026-09-05,C005,P005,S01,5,1999,2026-09-21T00:00:00
O00785,2026-09-06,C006,P006,S02,1,549,2026-09-21T00:00:00
O00786,2026-09-07,C007,P007,S03,4,549,2026-09-21T00:00:00
O00787,2026-09-08,C008,P008,S04,4,4999,2026-09-21T00:00:00
O00788,2026-09-09,C009,P009,S01,2,999,2026-09-21T00:00:00
O00789,2026-09-10,C010,P010,S02,4,999,2026-09-21T00:00:00
O00790,2026-09-11,C011,P011,S03,1,1999,2026-09-21T00:00:00
O00791,2026-09-12,C012,P012,S04,5,549,2026-09-21T00:00:00
O00792,2026-09-13,C013,P013,S01,3,4999,2026-09-21T00:00:00
O00793,2026-09-14,C014,P014,S02,4,549,2026-09-21T00:00:00
O00794,2026-09-15,C015,P015,S03,5,999,2026-09-21T00:00:00
O00795,2026-09-16,C016,P001,S04,1,999,2026-09-21T00:00:00
O00796,2026-09-17,C017,P002,S01,2,999,2026-09-21T00:00:00
O00797,2026-09-18,C018,P003,S02,4,549,2026-09-21T00:00:00
O00798,2026-09-19,C019,P004,S03,1,1999,2026-09-21T00:00:00
O00799,2026-09-20,C020,P005,S04,1,4999,2026-09-21T00:00:00
O00800,2026-09-01,C021,P006,S01,2,1999,2026-09-21T00:00:00
O00801,2026-09-02,C022,P007,S02,1,999,2026-09-21T00:00:00
O00802,2026-09-03,C023,P008,S03,1,999,2026-09-21T00:00:00
O00803,2026-09-04,C024,P009,S04,4,4999,2026-09-21T00:00:00
O00804,2026-09-05,C025,P010,S01,1,549,2026-09-21T00:00:00
O00805,2026-09-06,C026,P011,S02,3,549,2026-09-21T00:00:00
O00806,2026-09-07,C027,P012,S03,4,4999,2026-09-21T00:00:00
O00807,2026-09-08,C028,P013,S04,3,999,2026-09-21T00:00:00
O00808,2026-09-09,C029,P014,S01,3,1999,2026-09-21T00:00:00
O00809,2026-09-10,C030,P015,S02,1,1999,2026-09-21T00:00:00
O00810,2026-09-11,C031,P001,S03,1,1999,2026-09-21T00:00:00
O00811,2026-09-12,C032,P002,S04,4,999,2026-09-21T00:00:00
O00812,2026-09-13,C033,P003,S01,3,549,2026-09-21T00:00:00
O00813,2026-09-14,C034,P004,S02,3,999,2026-09-21T00:00:00
O00814,2026-09-15,C035,P005,S03,3,1999,2026-09-21T00:00:00
O00815,2026-09-16,C036,P006,S04,5,999,2026-09-21T00:00:00
O00816,2026-09-17,C037,P007,S01,2,1999,2026-09-21T00:00:00
O00817,2026-09-18,C038,P008,S02,2,1999,2026-09-21T00:00:00
O00818,2026-09-19,C039,P009,S03,2,549,2026-09-21T00:00:00
O00819,2026-09-20,C040,P010,S04,3,549,2026-09-21T00:00:00
O00820,2026-09-01,C041,P011,S01,3,549,2026-09-21T00:00:00
O00821,2026-09-02,C042,P012,S02,5,1999,2026-09-21T00:00:00
O00822,2026-09-03,C043,P013,S03,4,999,2026-09-21T00:00:00
O00823,2026-09-04,C044,P014,S04,2,1999,2026-09-21T00:00:00
O00824,2026-09-05,C045,P015,S01,3,999,2026-09-21T00:00:00
O00825,2026-09-06,C046,P001,S02,2,4999,2026-09-21T00:00:00
O00826,2026-09-07,C047,P002,S03,1,999,2026-09-21T00:00:00
O00827,2026-09-08,C048,P003,S04,2,4999,2026-09-21T00:00:00
O00828,2026-09-09,C049,P004,S01,2,1999,2026-09-21T00:00:00
O00829,2026-09-10,C050,P005,S02,5,4999,2026-09-21T00:00:00
O00830,2026-09-11,C051,P006,S03,1,4999,2026-09-21T00:00:00
O00831,2026-09-12,C052,P007,S04,4,549,2026-09-21T00:00:00
O00832,2026-09-13,C053,P008,S01,4,999,2026-09-21T00:00:00
O00833,2026-09-14,C054,P009,S02,2,999,2026-09-21T00:00:00
O00834,2026-09-15,C055,P010,S03,5,549,2026-09-21T00:00:00
O00835,2026-09-16,C056,P011,S04,1,4999,2026-09-21T00:00:00
O00836,2026-09-17,C057,P012,S01,2,549,2026-09-21T00:00:00
O00837,2026-09-18,C058,P013,S02,4,999,2026-09-21T00:00:00
O00838,2026-09-19,C059,P014,S03,3,549,2026-09-21T00:00:00
O00839,2026-09-20,C060,P015,S04,2,4999,2026-09-21T00:00:00
O00840,2026-09-01,C001,P001,S01,5,549,2026-09-21T00:00:00
O00841,2026-09-02,C002,P002,S02,3,999,2026-09-21T00:00:00
O00842,2026-09-03,C003,P003,S03,2,549,2026-09-21T00:00:00
O00843,2026-09-04,C004,P004,S04,2,4999,2026-09-21T00:00:00
O00844,2026-09-05,C005,P005,S01,4,1999,2026-09-21T00:00:00
O00845,2026-09-06,C006,P006,S02,2,1999,2026-09-21T00:00:00
O00846,2026-09-07,C007,P007,S03,3,4999,2026-09-21T00:00:00
O00847,2026-09-08,C008,P008,S04,1,4999,2026-09-21T00:00:00
O00848,2026-09-09,C009,P009,S01,2,4999,2026-09-21T00:00:00
O00849,2026-09-10,C010,P010,S02,4,4999,2026-09-21T00:00:00
O00850,2026-09-11,C011,P011,S03,1,999,2026-09-21T00:00:00
O00851,2026-09-12,C012,P012,S04,2,999,2026-09-21T00:00:00
O00852,2026-09-13,C013,P013,S01,2,1999,2026-09-21T00:00:00
O00853,2026-09-14,C014,P014,S02,3,4999,2026-09-21T00:00:00
O00854,2026-09-15,C015,P015,S03,4,999,2026-09-21T00:00:00
O00855,2026-09-16,C016,P001,S04,2,4999,2026-09-21T00:00:00
O00856,2026-09-17,C017,P002,S01,2,999,2026-09-21T00:00:00
O00857,2026-09-18,C018,P003,S02,4,1999,2026-09-21T00:00:00
O00858,2026-09-19,C019,P004,S03,2,999,2026-09-21T00:00:00
O00859,2026-09-20,C020,P005,S04,1,549,2026-09-21T00:00:00
O00860,2026-09-01,C021,P006,S01,3,1999,2026-09-21T00:00:00
O00861,2026-09-02,C022,P007,S02,1,4999,2026-09-21T00:00:00
O00862,2026-09-03,C023,P008,S03,5,549,2026-09-21T00:00:00
O00863,2026-09-04,C024,P009,S04,3,999,2026-09-21T00:00:00
O00864,2026-09-05,C025,P010,S01,3,1999,2026-09-21T00:00:00
O00865,2026-09-06,C026,P011,S02,3,4999,2026-09-21T00:00:00
O00866,2026-09-07,C027,P012,S03,4,1999,2026-09-21T00:00:00
O00867,2026-09-08,C028,P013,S04,2,549,2026-09-21T00:00:00
O00868,2026-09-09,C029,P014,S01,5,1999,2026-09-21T00:00:00
O00869,2026-09-10,C030,P015,S02,5,999,2026-09-21T00:00:00
O00870,2026-09-11,C031,P001,S03,5,4999,2026-09-21T00:00:00
O00871,2026-09-12,C032,P002,S04,3,1999,2026-09-21T00:00:00
O00872,2026-09-13,C033,P003,S01,4,549,2026-09-21T00:00:00
O00873,2026-09-14,C034,P004,S02,2,4999,2026-09-21T00:00:00
O00874,2026-09-15,C035,P005,S03,2,549,2026-09-21T00:00:00
O00875,2026-09-16,C036,P006,S04,3,4999,2026-09-21T00:00:00
O00876,2026-09-17,C037,P007,S01,5,999,2026-09-21T00:00:00
O00877,2026-09-18,C038,P008,S02,1,1999,2026-09-21T00:00:00
O00878,2026-09-19,C039,P009,S03,4,999,2026-09-21T00:00:00
O00879,2026-09-20,C040,P010,S04,3,1999,2026-09-21T00:00:00
O00880,2026-09-01,C041,P011,S01,2,4999,2026-09-21T00:00:00
O00881,2026-09-02,C042,P012,S02,4,549,2026-09-21T00:00:00
O00882,2026-09-03,C043,P013,S03,4,999,2026-09-21T00:00:00
O00883,2026-09-04,C044,P014,S04,2,549,2026-09-21T00:00:00
O00884,2026-09-05,C045,P015,S01,1,1999,2026-09-21T00:00:00
O00885,2026-09-06,C046,P001,S02,2,999,2026-09-21T00:00:00
O00886,2026-09-07,C047,P002,S03,3,1999,2026-09-21T00:00:00
O00887,2026-09-08,C048,P003,S04,5,999,2026-09-21T00:00:00
O00888,2026-09-09,C049,P004,S01,4,4999,2026-09-21T00:00:00
O00889,2026-09-10,C050,P005,S02,2,1999,2026-09-21T00:00:00
O00890,2026-09-11,C051,P006,S03,2,999,2026-09-21T00:00:00
O00891,2026-09-12,C052,P007,S04,2,549,2026-09-21T00:00:00
O00892,2026-09-13,C053,P008,S01,4,1999,2026-09-21T00:00:00
O00893,2026-09-14,C054,P009,S02,3,999,2026-09-21T00:00:00
O00894,2026-09-15,C055,P010,S03,2,999,2026-09-21T00:00:00
O00895,2026-09-16,C056,P011,S04,1,4999,2026-09-21T00:00:00
O00896,2026-09-17,C057,P012,S01,2,1999,2026-09-21T00:00:00
O00897,2026-09-18,C058,P013,S02,5,4999,2026-09-21T00:00:00
O00898,2026-09-19,C059,P014,S03,2,999,2026-09-21T00:00:00
O00899,2026-09-20,C060,P015,S04,2,4999,2026-09-21T00:00:00
O00900,2026-09-01,C001,P001,S01,3,549,2026-09-21T00:00:00
O00901,2026-09-02,C002,P002,S02,5,4999,2026-09-21T00:00:00
O00902,2026-09-03,C003,P003,S03,2,1999,2026-09-21T00:00:00
O00903,2026-09-04,C004,P004,S04,3,999,2026-09-21T00:00:00
O00904,2026-09-05,C005,P005,S01,4,1999,2026-09-21T00:00:00
O00905,2026-09-06,C006,P006,S02,2,4999,2026-09-21T00:00:00
O00906,2026-09-07,C007,P007,S03,2,549,2026-09-21T00:00:00
O00907,2026-09-08,C008,P008,S04,5,1999,2026-09-21T00:00:00
O00908,2026-09-09,C009,P009,S01,5,549,2026-09-21T00:00:00
O00909,2026-09-10,C010,P010,S02,1,4999,2026-09-21T00:00:00
O00910,2026-09-11,C011,P011,S03,2,4999,2026-09-21T00:00:00
O00911,2026-09-12,C012,P012,S04,1,1999,2026-09-21T00:00:00
O00912,2026-09-13,C013,P013,S01,5,4999,2026-09-21T00:00:00
O00913,2026-09-14,C014,P014,S02,5,549,2026-09-21T00:00:00
O00914,2026-09-15,C015,P015,S03,4,549,2026-09-21T00:00:00
O00915,2026-09-16,C016,P001,S04,4,549,2026-09-21T00:00:00
O00916,2026-09-17,C017,P002,S01,1,999,2026-09-21T00:00:00
O00917,2026-09-18,C018,P003,S02,5,549,2026-09-21T00:00:00
O00918,2026-09-19,C019,P004,S03,4,999,2026-09-21T00:00:00
O00919,2026-09-20,C020,P005,S04,2,1999,2026-09-21T00:00:00
O00920,2026-09-01,C021,P006,S01,3,4999,2026-09-21T00:00:00
O00921,2026-09-02,C022,P007,S02,3,1999,2026-09-21T00:00:00
O00922,2026-09-03,C023,P008,S03,5,4999,2026-09-21T00:00:00
O00923,2026-09-04,C024,P009,S04,5,1999,2026-09-21T00:00:00
O00924,2026-09-05,C025,P010,S01,4,1999,2026-09-21T00:00:00
O00925,2026-09-06,C026,P011,S02,1,4999,2026-09-21T00:00:00
O00926,2026-09-07,C027,P012,S03,2,4999,2026-09-21T00:00:00
O00927,2026-09-08,C028,P013,S04,1,549,2026-09-21T00:00:00
O00928,2026-09-09,C029,P014,S01,5,549,2026-09-21T00:00:00
O00929,2026-09-10,C030,P015,S02,1,1999,2026-09-21T00:00:00
O00930,2026-09-11,C031,P001,S03,1,549,2026-09-21T00:00:00
O00931,2026-09-12,C032,P002,S04,1,549,2026-09-21T00:00:00
O00932,2026-09-13,C033,P003,S01,1,4999,2026-09-21T00:00:00
O00933,2026-09-14,C034,P004,S02,2,4999,2026-09-21T00:00:00
O00934,2026-09-15,C035,P005,S03,2,999,2026-09-21T00:00:00
O00935,2026-09-16,C036,P006,S04,1,549,2026-09-21T00:00:00
O00936,2026-09-17,C037,P007,S01,4,4999,2026-09-21T00:00:00
O00937,2026-09-18,C038,P008,S02,5,549,2026-09-21T00:00:00
O00938,2026-09-19,C039,P009,S03,3,999,2026-09-21T00:00:00
O00939,2026-09-20,C040,P010,S04,1,549,2026-09-21T00:00:00
O00940,2026-09-01,C041,P011,S01,5,549,2026-09-21T00:00:00
O00941,2026-09-02,C042,P012,S02,4,1999,2026-09-21T00:00:00
O00942,2026-09-03,C043,P013,S03,1,549,2026-09-21T00:00:00
O00943,2026-09-04,C044,P014,S04,2,1999,2026-09-21T00:00:00
O00944,2026-09-05,C045,P015,S01,4,1999,2026-09-21T00:00:00
O00945,2026-09-06,C046,P001,S02,5,1999,2026-09-21T00:00:00
O00946,2026-09-07,C047,P002,S03,1,1999,2026-09-21T00:00:00
O00947,2026-09-08,C048,P003,S04,5,999,2026-09-21T00:00:00
O00948,2026-09-09,C049,P004,S01,2,4999,2026-09-21T00:00:00
O00949,2026-09-10,C050,P005,S02,3,999,2026-09-21T00:00:00
O00950,2026-09-11,C051,P006,S03,3,549,2026-09-21T00:00:00
O00951,2026-09-12,C052,P007,S04,1,4999,2026-09-21T00:00:00
O00952,2026-09-13,C053,P008,S01,5,999,2026-09-21T00:00:00
O00953,2026-09-14,C054,P009,S02,2,549,2026-09-21T00:00:00
O00954,2026-09-15,C055,P010,S03,4,999,2026-09-21T00:00:00
O00955,2026-09-16,C056,P011,S04,5,4999,2026-09-21T00:00:00
O00956,2026-09-17,C057,P012,S01,5,549,2026-09-21T00:00:00
O00957,2026-09-18,C058,P013,S02,2,549,2026-09-21T00:00:00
O00958,2026-09-19,C059,P014,S03,2,1999,2026-09-21T00:00:00
O00959,2026-09-20,C060,P015,S04,2,4999,2026-09-21T00:00:00
O00960,2026-09-01,C001,P001,S01,4,549,2026-09-21T00:00:00
O00961,2026-09-02,C002,P002,S02,4,999,2026-09-21T00:00:00
O00962,2026-09-03,C003,P003,S03,3,4999,2026-09-21T00:00:00
O00963,2026-09-04,C004,P004,S04,1,4999,2026-09-21T00:00:00
O00964,2026-09-05,C005,P005,S01,3,549,2026-09-21T00:00:00
O00965,2026-09-06,C006,P006,S02,5,999,2026-09-21T00:00:00
O00966,2026-09-07,C007,P007,S03,3,999,2026-09-21T00:00:00
O00967,2026-09-08,C008,P008,S04,5,549,2026-09-21T00:00:00
O00968,2026-09-09,C009,P009,S01,3,1999,2026-09-21T00:00:00
O00969,2026-09-10,C010,P010,S02,1,4999,2026-09-21T00:00:00
O00970,2026-09-11,C011,P011,S03,5,1999,2026-09-21T00:00:00
O00971,2026-09-12,C012,P012,S04,5,4999,2026-09-21T00:00:00
O00972,2026-09-13,C013,P013,S01,3,999,2026-09-21T00:00:00
O00973,2026-09-14,C014,P014,S02,4,549,2026-09-21T00:00:00
O00974,2026-09-15,C015,P015,S03,3,549,2026-09-21T00:00:00
O00975,2026-09-16,C016,P001,S04,4,4999,2026-09-21T00:00:00
O00976,2026-09-17,C017,P002,S01,2,549,2026-09-21T00:00:00
O00977,2026-09-18,C018,P003,S02,2,999,2026-09-21T00:00:00
O00978,2026-09-19,C019,P004,S03,4,549,2026-09-21T00:00:00
O00979,2026-09-20,C020,P005,S04,2,1999,2026-09-21T00:00:00
O00980,2026-09-01,C021,P006,S01,5,4999,2026-09-21T00:00:00
O00981,2026-09-02,C022,P007,S02,4,549,2026-09-21T00:00:00
O00982,2026-09-03,C023,P008,S03,1,999,2026-09-21T00:00:00
O00983,2026-09-04,C024,P009,S04,1,4999,2026-09-21T00:00:00
O00984,2026-09-05,C025,P010,S01,2,999,2026-09-21T00:00:00
O00985,2026-09-06,C026,P011,S02,3,999,2026-09-21T00:00:00
O00986,2026-09-07,C027,P012,S03,4,4999,2026-09-21T00:00:00
O00987,2026-09-08,C028,P013,S04,2,999,2026-09-21T00:00:00
O00988,2026-09-09,C029,P014,S01,2,549,2026-09-21T00:00:00
O00989,2026-09-10,C030,P015,S02,1,549,2026-09-21T00:00:00
O00990,2026-09-11,C031,P001,S03,2,1999,2026-09-21T00:00:00
O00991,2026-09-12,C032,P002,S04,3,999,2026-09-21T00:00:00
O00992,2026-09-13,C033,P003,S01,3,1999,2026-09-21T00:00:00
O00993,2026-09-14,C034,P004,S02,2,1999,2026-09-21T00:00:00
O00994,2026-09-15,C035,P005,S03,3,549,2026-09-21T00:00:00
O00995,2026-09-16,C036,P006,S04,3,549,2026-09-21T00:00:00
O00996,2026-09-17,C037,P007,S01,1,999,2026-09-21T00:00:00
O00997,2026-09-18,C038,P008,S02,1,999,2026-09-21T00:00:00
O00998,2026-09-19,C039,P009,S03,4,999,2026-09-21T00:00:00
O00999,2026-09-20,C040,P010,S04,4,999,2026-09-21T00:00:00
O01000,2026-09-01,C041,P011,S01,4,999,2026-09-21T00:00:00
O01001,2026-09-02,C042,P012,S02,3,549,2026-09-21T00:00:00
O01002,2026-09-03,C043,P013,S03,4,549,2026-09-21T00:00:00
O01003,2026-09-04,C044,P014,S04,2,1999,2026-09-21T00:00:00
O01004,2026-09-05,C045,P015,S01,1,1999,2026-09-21T00:00:00
O01005,2026-09-06,C046,P001,S02,1,1999,2026-09-21T00:00:00
O01006,2026-09-07,C047,P002,S03,4,549,2026-09-21T00:00:00
O01007,2026-09-08,C048,P003,S04,5,999,2026-09-21T00:00:00
O01008,2026-09-09,C049,P004,S01,1,1999,2026-09-21T00:00:00
O01009,2026-09-10,C050,P005,S02,3,549,2026-09-21T00:00:00
O01010,2026-09-11,C051,P006,S03,2,999,2026-09-21T00:00:00
O01011,2026-09-12,C052,P007,S04,1,999,2026-09-21T00:00:00
O01012,2026-09-13,C053,P008,S01,3,1999,2026-09-21T00:00:00
O01013,2026-09-14,C054,P009,S02,5,1999,2026-09-21T00:00:00
O01014,2026-09-15,C055,P010,S03,4,4999,2026-09-21T00:00:00
O01015,2026-09-16,C056,P011,S04,1,549,2026-09-21T00:00:00
O01016,2026-09-17,C057,P012,S01,3,549,2026-09-21T00:00:00
O01017,2026-09-18,C058,P013,S02,1,549,2026-09-21T00:00:00
O01018,2026-09-19,C059,P014,S03,1,999,2026-09-21T00:00:00
O01019,2026-09-20,C060,P015,S04,4,549,2026-09-21T00:00:00
O01020,2026-09-01,C001,P001,S01,4,549,2026-09-21T00:00:00
O01021,2026-09-02,C002,P002,S02,3,4999,2026-09-21T00:00:00
O01022,2026-09-03,C003,P003,S03,2,549,2026-09-21T00:00:00
O01023,2026-09-04,C004,P004,S04,2,999,2026-09-21T00:00:00
O01024,2026-09-05,C005,P005,S01,2,4999,2026-09-21T00:00:00
O01025,2026-09-06,C006,P006,S02,2,4999,2026-09-21T00:00:00
O01026,2026-09-07,C007,P007,S03,5,4999,2026-09-21T00:00:00
O01027,2026-09-08,C008,P008,S04,1,999,2026-09-21T00:00:00
O01028,2026-09-09,C009,P009,S01,4,549,2026-09-21T00:00:00
O01029,2026-09-10,C010,P010,S02,2,4999,2026-09-21T00:00:00
O01030,2026-09-11,C011,P011,S03,2,549,2026-09-21T00:00:00
O01031,2026-09-12,C012,P012,S04,1,999,2026-09-21T00:00:00
O01032,2026-09-13,C013,P013,S01,1,549,2026-09-21T00:00:00
O01033,2026-09-14,C014,P014,S02,4,4999,2026-09-21T00:00:00
O01034,2026-09-15,C015,P015,S03,5,1999,2026-09-21T00:00:00
O01035,2026-09-16,C016,P001,S04,1,4999,2026-09-21T00:00:00
O01036,2026-09-17,C017,P002,S01,4,4999,2026-09-21T00:00:00
O01037,2026-09-18,C018,P003,S02,4,4999,2026-09-21T00:00:00
O01038,2026-09-19,C019,P004,S03,5,4999,2026-09-21T00:00:00
O01039,2026-09-20,C020,P005,S04,1,999,2026-09-21T00:00:00
O01040,2026-09-01,C021,P006,S01,1,1999,2026-09-21T00:00:00
O01041,2026-09-02,C022,P007,S02,2,999,2026-09-21T00:00:00
O01042,2026-09-03,C023,P008,S03,2,549,2026-09-21T00:00:00
O01043,2026-09-04,C024,P009,S04,1,4999,2026-09-21T00:00:00
O01044,2026-09-05,C025,P010,S01,1,549,2026-09-21T00:00:00
O01045,2026-09-06,C026,P011,S02,3,4999,2026-09-21T00:00:00
O01046,2026-09-07,C027,P012,S03,2,999,2026-09-21T00:00:00
O01047,2026-09-08,C028,P013,S04,1,999,2026-09-21T00:00:00
O01048,2026-09-09,C029,P014,S01,1,1999,2026-09-21T00:00:00
O01049,2026-09-10,C030,P015,S02,1,549,2026-09-21T00:00:00
O01050,2026-09-11,C031,P001,S03,3,549,2026-09-21T00:00:00
O01051,2026-09-12,C032,P002,S04,5,1999,2026-09-21T00:00:00
O01052,2026-09-13,C033,P003,S01,4,999,2026-09-21T00:00:00
O01053,2026-09-14,C034,P004,S02,1,4999,2026-09-21T00:00:00
O01054,2026-09-15,C035,P005,S03,5,549,2026-09-21T00:00:00
O01055,2026-09-16,C036,P006,S04,2,999,2026-09-21T00:00:00
O01056,2026-09-17,C037,P007,S01,5,4999,2026-09-21T00:00:00
O01057,2026-09-18,C038,P008,S02,2,999,2026-09-21T00:00:00
O01058,2026-09-19,C039,P009,S03,4,4999,2026-09-21T00:00:00
O01059,2026-09-20,C040,P010,S04,5,999,2026-09-21T00:00:00
O01060,2026-09-01,C041,P011,S01,4,4999,2026-09-21T00:00:00
O01061,2026-09-02,C042,P012,S02,1,549,2026-09-21T00:00:00
O01062,2026-09-03,C043,P013,S03,2,549,2026-09-21T00:00:00
O01063,2026-09-04,C044,P014,S04,5,4999,2026-09-21T00:00:00
O01064,2026-09-05,C045,P015,S01,4,1999,2026-09-21T00:00:00
O01065,2026-09-06,C046,P001,S02,5,549,2026-09-21T00:00:00
O01066,2026-09-07,C047,P002,S03,5,4999,2026-09-21T00:00:00
O01067,2026-09-08,C048,P003,S04,3,999,2026-09-21T00:00:00
O01068,2026-09-09,C049,P004,S01,4,1999,2026-09-21T00:00:00
O01069,2026-09-10,C050,P005,S02,5,4999,2026-09-21T00:00:00
O01070,2026-09-11,C051,P006,S03,1,4999,2026-09-21T00:00:00
O01071,2026-09-12,C052,P007,S04,5,1999,2026-09-21T00:00:00
O01072,2026-09-13,C053,P008,S01,4,549,2026-09-21T00:00:00
O01073,2026-09-14,C054,P009,S02,3,549,2026-09-21T00:00:00
O01074,2026-09-15,C055,P010,S03,2,549,2026-09-21T00:00:00
O01075,2026-09-16,C056,P011,S04,2,549,2026-09-21T00:00:00
O01076,2026-09-17,C057,P012,S01,3,1999,2026-09-21T00:00:00
O01077,2026-09-18,C058,P013,S02,3,4999,2026-09-21T00:00:00
O01078,2026-09-19,C059,P014,S03,4,999,2026-09-21T00:00:00
O01079,2026-09-20,C060,P015,S04,1,4999,2026-09-21T00:00:00
O01080,2026-09-01,C001,P001,S01,3,4999,2026-09-21T00:00:00
O01081,2026-09-02,C002,P002,S02,5,4999,2026-09-21T00:00:00
O01082,2026-09-03,C003,P003,S03,1,4999,2026-09-21T00:00:00
O01083,2026-09-04,C004,P004,S04,3,549,2026-09-21T00:00:00
O01084,2026-09-05,C005,P005,S01,3,549,2026-09-21T00:00:00
O01085,2026-09-06,C006,P006,S02,3,4999,2026-09-21T00:00:00
O01086,2026-09-07,C007,P007,S03,3,999,2026-09-21T00:00:00
O01087,2026-09-08,C008,P008,S04,3,4999,2026-09-21T00:00:00
O01088,2026-09-09,C009,P009,S01,4,4999,2026-09-21T00:00:00
O01089,2026-09-10,C010,P010,S02,3,4999,2026-09-21T00:00:00
O01090,2026-09-11,C011,P011,S03,2,4999,2026-09-21T00:00:00
O01091,2026-09-12,C012,P012,S04,2,4999,2026-09-21T00:00:00
O01092,2026-09-13,C013,P013,S01,2,4999,2026-09-21T00:00:00
O01093,2026-09-14,C014,P014,S02,3,999,2026-09-21T00:00:00
O01094,2026-09-15,C015,P015,S03,2,4999,2026-09-21T00:00:00
O01095,2026-09-16,C016,P001,S04,3,1999,2026-09-21T00:00:00
O01096,2026-09-17,C017,P002,S01,2,999,2026-09-21T00:00:00
O01097,2026-09-18,C018,P003,S02,5,4999,2026-09-21T00:00:00
O01098,2026-09-19,C019,P004,S03,4,4999,2026-09-21T00:00:00
O01099,2026-09-20,C020,P005,S04,4,1999,2026-09-21T00:00:00
O01100,2026-09-01,C021,P006,S01,1,4999,2026-09-21T00:00:00
O01101,2026-09-02,C022,P007,S02,5,549,2026-09-21T00:00:00
O01102,2026-09-03,C023,P008,S03,2,549,2026-09-21T00:00:00
O01103,2026-09-04,C024,P009,S04,4,4999,2026-09-21T00:00:00
O01104,2026-09-05,C025,P010,S01,3,549,2026-09-21T00:00:00
O01105,2026-09-06,C026,P011,S02,4,4999,2026-09-21T00:00:00
O01106,2026-09-07,C027,P012,S03,5,4999,2026-09-21T00:00:00
O01107,2026-09-08,C028,P013,S04,1,1999,2026-09-21T00:00:00
O01108,2026-09-09,C029,P014,S01,5,549,2026-09-21T00:00:00
O01109,2026-09-10,C030,P015,S02,5,999,2026-09-21T00:00:00
O01110,2026-09-11,C031,P001,S03,3,4999,2026-09-21T00:00:00
O01111,2026-09-12,C032,P002,S04,2,1999,2026-09-21T00:00:00
O01112,2026-09-13,C033,P003,S01,5,549,2026-09-21T00:00:00
O01113,2026-09-14,C034,P004,S02,5,999,2026-09-21T00:00:00
O01114,2026-09-15,C035,P005,S03,4,549,2026-09-21T00:00:00
O01115,2026-09-16,C036,P006,S04,5,1999,2026-09-21T00:00:00
O01116,2026-09-17,C037,P007,S01,2,999,2026-09-21T00:00:00
O01117,2026-09-18,C038,P008,S02,2,1999,2026-09-21T00:00:00
O01118,2026-09-19,C039,P009,S03,4,1999,2026-09-21T00:00:00
O01119,2026-09-20,C040,P010,S04,4,999,2026-09-21T00:00:00
O01120,2026-09-01,C041,P011,S01,2,549,2026-09-21T00:00:00
O01121,2026-09-02,C042,P012,S02,1,999,2026-09-21T00:00:00
O01122,2026-09-03,C043,P013,S03,5,999,2026-09-21T00:00:00
O01123,2026-09-04,C044,P014,S04,3,1999,2026-09-21T00:00:00
O01124,2026-09-05,C045,P015,S01,4,999,2026-09-21T00:00:00
O01125,2026-09-06,C046,P001,S02,3,999,2026-09-21T00:00:00
O01126,2026-09-07,C047,P002,S03,4,4999,2026-09-21T00:00:00
O01127,2026-09-08,C048,P003,S04,3,1999,2026-09-21T00:00:00
O01128,2026-09-09,C049,P004,S01,2,549,2026-09-21T00:00:00
O01129,2026-09-10,C050,P005,S02,5,4999,2026-09-21T00:00:00
O01130,2026-09-11,C051,P006,S03,3,1999,2026-09-21T00:00:00
O01131,2026-09-12,C052,P007,S04,3,999,2026-09-21T00:00:00
O01132,2026-09-13,C053,P008,S01,5,1999,2026-09-21T00:00:00
O01133,2026-09-14,C054,P009,S02,1,4999,2026-09-21T00:00:00
O01134,2026-09-15,C055,P010,S03,2,1999,2026-09-21T00:00:00
O01135,2026-09-16,C056,P011,S04,1,999,2026-09-21T00:00:00
O01136,2026-09-17,C057,P012,S01,1,1999,2026-09-21T00:00:00
O01137,2026-09-18,C058,P013,S02,5,4999,2026-09-21T00:00:00
O01138,2026-09-19,C059,P014,S03,1,4999,2026-09-21T00:00:00
O01139,2026-09-20,C060,P015,S04,4,1999,2026-09-21T00:00:00
O01140,2026-09-01,C001,P001,S01,5,4999,2026-09-21T00:00:00
O01141,2026-09-02,C002,P002,S02,4,1999,2026-09-21T00:00:00
O01142,2026-09-03,C003,P003,S03,4,4999,2026-09-21T00:00:00
O01143,2026-09-04,C004,P004,S04,4,549,2026-09-21T00:00:00
O01144,2026-09-05,C005,P005,S01,3,1999,2026-09-21T00:00:00
O01145,2026-09-06,C006,P006,S02,1,549,2026-09-21T00:00:00
O01146,2026-09-07,C007,P007,S03,2,1999,2026-09-21T00:00:00
O01147,2026-09-08,C008,P008,S04,4,999,2026-09-21T00:00:00
O01148,2026-09-09,C009,P009,S01,2,999,2026-09-21T00:00:00
O01149,2026-09-10,C010,P010,S02,4,1999,2026-09-21T00:00:00
O01150,2026-09-11,C011,P011,S03,1,1999,2026-09-21T00:00:00
O01151,2026-09-12,C012,P012,S04,4,999,2026-09-21T00:00:00
O01152,2026-09-13,C013,P013,S01,2,4999,2026-09-21T00:00:00
O01153,2026-09-14,C014,P014,S02,4,1999,2026-09-21T00:00:00
O01154,2026-09-15,C015,P015,S03,5,4999,2026-09-21T00:00:00
O01155,2026-09-16,C016,P001,S04,1,1999,2026-09-21T00:00:00
O01156,2026-09-17,C017,P002,S01,2,999,2026-09-21T00:00:00
O01157,2026-09-18,C018,P003,S02,1,4999,2026-09-21T00:00:00
O01158,2026-09-19,C019,P004,S03,5,549,2026-09-21T00:00:00
O01159,2026-09-20,C020,P005,S04,4,1999,2026-09-21T00:00:00
O01160,2026-09-01,C021,P006,S01,4,999,2026-09-21T00:00:00
O01161,2026-09-02,C022,P007,S02,4,4999,2026-09-21T00:00:00
O01162,2026-09-03,C023,P008,S03,5,1999,2026-09-21T00:00:00
O01163,2026-09-04,C024,P009,S04,3,999,2026-09-21T00:00:00
O01164,2026-09-05,C025,P010,S01,4,549,2026-09-21T00:00:00
O01165,2026-09-06,C026,P011,S02,2,549,2026-09-21T00:00:00
O01166,2026-09-07,C027,P012,S03,5,1999,2026-09-21T00:00:00
O01167,2026-09-08,C028,P013,S04,3,999,2026-09-21T00:00:00
O01168,2026-09-09,C029,P014,S01,4,1999,2026-09-21T00:00:00
O01169,2026-09-10,C030,P015,S02,5,999,2026-09-21T00:00:00
O01170,2026-09-11,C031,P001,S03,2,4999,2026-09-21T00:00:00
O01171,2026-09-12,C032,P002,S04,1,549,2026-09-21T00:00:00
O01172,2026-09-13,C033,P003,S01,2,4999,2026-09-21T00:00:00
O01173,2026-09-14,C034,P004,S02,2,549,2026-09-21T00:00:00
O01174,2026-09-15,C035,P005,S03,2,4999,2026-09-21T00:00:00
O01175,2026-09-16,C036,P006,S04,2,999,2026-09-21T00:00:00
O01176,2026-09-17,C037,P007,S01,3,549,2026-09-21T00:00:00
O01177,2026-09-18,C038,P008,S02,3,4999,2026-09-21T00:00:00
O01178,2026-09-19,C039,P009,S03,3,999,2026-09-21T00:00:00
O01179,2026-09-20,C040,P010,S04,5,549,2026-09-21T00:00:00
O01180,2026-09-01,C041,P011,S01,2,4999,2026-09-21T00:00:00
O01181,2026-09-02,C042,P012,S02,4,999,2026-09-21T00:00:00
O01182,2026-09-03,C043,P013,S03,4,999,2026-09-21T00:00:00
O01183,2026-09-04,C044,P014,S04,4,1999,2026-09-21T00:00:00
O01184,2026-09-05,C045,P015,S01,5,999,2026-09-21T00:00:00
O01185,2026-09-06,C046,P001,S02,2,4999,2026-09-21T00:00:00
O01186,2026-09-07,C047,P002,S03,2,1999,2026-09-21T00:00:00
O01187,2026-09-08,C048,P003,S04,5,4999,2026-09-21T00:00:00
O01188,2026-09-09,C049,P004,S01,4,549,2026-09-21T00:00:00
O01189,2026-09-10,C050,P005,S02,4,549,2026-09-21T00:00:00
O01190,2026-09-11,C051,P006,S03,1,549,2026-09-21T00:00:00
O01191,2026-09-12,C052,P007,S04,2,999,2026-09-21T00:00:00
O01192,2026-09-13,C053,P008,S01,1,1999,2026-09-21T00:00:00
O01193,2026-09-14,C054,P009,S02,4,4999,2026-09-21T00:00:00
O01194,2026-09-15,C055,P010,S03,3,999,2026-09-21T00:00:00
O01195,2026-09-16,C056,P011,S04,2,549,2026-09-21T00:00:00
O01196,2026-09-17,C057,P012,S01,5,1999,2026-09-21T00:00:00
O01197,2026-09-18,C058,P013,S02,4,4999,2026-09-21T00:00:00
O01198,2026-09-19,C059,P014,S03,3,1999,2026-09-21T00:00:00
O01199,2026-09-20,C060,P015,S04,3,549,2026-09-21T00:00:00
O01200,2026-09-01,C001,P001,S01,4,1999,2026-09-21T00:00:00
