customer_id,region,valid_from
C001,North,2026-09-01
C002,South,2026-09-01
C003,East,2026-09-01
C004,North,2026-09-01
C005,South,2026-09-01
C006,East,2026-09-01
C007,North,2026-09-01
C008,South,2026-09-01
C009,East,2026-09-01
C010,North,2026-09-01
C011,South,2026-09-01
C012,East,2026-09-01
C013,North,2026-09-01
C014,South,2026-09-01
C015,East,2026-09-01
C016,North,2026-09-01
C017,South,2026-09-01
C018,East,2026-09-01
C019,North,2026-09-01
C020,South,2026-09-01
C021,East,2026-09-01
C022,North,2026-09-01
C023,South,2026-09-01
C024,East,2026-09-01
C025,North,2026-09-01
C026,South,2026-09-01
C027,East,2026-09-01
C028,North,2026-09-01
C029,South,2026-09-01
C030,East,2026-09-01
C031,North,2026-09-01
C032,South,2026-09-01
C033,East,2026-09-01
C034,North,2026-09-01
C035,South,2026-09-01
C036,East,2026-09-01
C037,North,2026-09-01
C038,South,2026-09-01
C039,East,2026-09-01
C040,North,2026-09-01
C041,South,2026-09-01
C042,East,2026-09-01
C043,North,2026-09-01
C044,South,2026-09-01
C045,East,2026-09-01
C046,North,2026-09-01
C047,South,2026-09-01
C048,East,2026-09-01
C049,North,2026-09-01
C050,South,2026-09-01
C051,East,2026-09-01
C052,North,2026-09-01
C053,South,2026-09-01
C054,East,2026-09-01
C055,North,2026-09-01
C056,South,2026-09-01
C057,East,2026-09-01
C058,North,2026-09-01
C059,South,2026-09-01
C060,East,2026-09-01
